3.429848551750183105e-01,5.335693955421447754e-01,6.685457825660705566e-01,-6.135199069976806641e-01,-8.235017061233520508e-01,-6.363058090209960938e-01,3.086243271827697754e-01,-5.682826042175292969e-01,-6.886948943138122559e-01,-3.857400715351104736e-01,-6.454009413719177246e-01,-6.085972785949707031e-01,-5.140722990036010742e-01,-1.186487823724746704e-01,1.675136014819145203e-02,-4.995750188827514648e-01,9.053372740745544434e-01,-2.401276826858520508e-01,-7.535194158554077148e-01,6.043236255645751953e-01,-7.983080148696899414e-01,2.154367119073867798e-01,4.821426570415496826e-01,-4.439012110233306885e-01,3.105280697345733643e-01
-9.227541685104370117e-01,1.553404331207275391e-01,-1.090065836906433105e+00,8.983461856842041016e-01,-8.161257505416870117e-01,-5.554950833320617676e-01,2.351013273000717163e-01,-2.269952446222305298e-01,-4.963494464755058289e-02,-2.223254889249801636e-01,3.716403245925903320e-01,6.700286865234375000e-01,5.069140791893005371e-01,9.899870306253433228e-02,7.339702248573303223e-01,3.904094398021697998e-01,-6.732535362243652344e-01,-8.240522146224975586e-01,7.171041965484619141e-01,2.245057374238967896e-01,-6.128485798835754395e-01,8.531965613365173340e-01,7.807089388370513916e-02,-4.523591399192810059e-01,-3.686920702457427979e-01
3.127588033676147461e-01,-5.946059226989746094e-01,1.340448260307312012e-01,3.576267361640930176e-01,7.659692168235778809e-01,-3.319333493709564209e-01,-4.038569927215576172e-01,8.029883354902267456e-02,-9.401339888572692871e-01,6.197280287742614746e-01,5.023523569107055664e-01,7.426598072052001953e-01,8.152926564216613770e-01,2.266405522823333740e-01,9.613979458808898926e-01,-7.210039496421813965e-01,4.737823009490966797e-01,1.188705340027809143e-01,-1.642780900001525879e-01,-6.492671370506286621e-01,3.847117125988006592e-01,-4.106266498565673828e-01,-3.832100033760070801e-01,-3.536512851715087891e-01,-9.238720536231994629e-01
-7.331104874610900879e-01,5.116286873817443848e-01,-4.610814154148101807e-01,-9.878004193305969238e-01,2.271220088005065918e-01,-3.592609465122222900e-01,-6.832188367843627930e-01,-5.012400150299072266e-01,-3.253896236419677734e-01,-6.445445418357849121e-01,-2.483450770378112793e-01,-9.698690176010131836e-01,9.201056361198425293e-01,7.199993133544921875e-01,6.229584217071533203e-01,-3.004309833049774170e-01,-6.101149693131446838e-02,-4.408503770828247070e-01,3.747456073760986328e-01,-3.333231061697006226e-02,-7.066845297813415527e-01,5.466624498367309570e-01,-5.702728033065795898e-01,3.927513957023620605e-01,-1.419027745723724365e-01
2.733446657657623291e-02,-1.034948527812957764e-01,3.597444891929626465e-01,-3.261073231697082520e-01,-6.478151679039001465e-02,-4.137386977672576904e-01,9.502660632133483887e-01,4.085799157619476318e-01,-6.246579289436340332e-01,-5.247199535369873047e-01,4.041095674037933350e-01,-8.479368686676025391e-01,-7.950059175491333008e-01,7.492108941078186035e-01,-2.779671847820281982e-01,-3.064133822917938232e-01,-5.063667297363281250e-01,3.003249168395996094e-01,2.113966643810272217e-01,7.027677893638610840e-01,-2.007179707288742065e-02,-5.304319262504577637e-01,-2.715441286563873291e-01,-1.049071669578552246e+00,-7.041082382202148438e-01
7.041777968406677246e-01,-3.210708498954772949e-01,-1.208092689514160156e+00,4.212365448474884033e-01,1.346957683563232422e-01,-5.633764266967773438e-01,-3.529298603534698486e-01,3.645114600658416748e-01,-4.320801198482513428e-01,1.025592014193534851e-01,4.375308752059936523e-01,-5.653668642044067383e-01,-1.757126003503799438e-01,3.194020390510559082e-01,1.025158643722534180e+00,-8.304192125797271729e-02,-1.749031431972980499e-02,-1.004642367362976074e+00,-8.701559901237487793e-02,1.087029457092285156e+00,3.751586377620697021e-01,1.837306469678878784e-01,1.227129176259040833e-01,-2.231501042842864990e-01,-1.372352838516235352e+00
3.464296087622642517e-02,-3.134662806987762451e-01,1.588471531867980957e-01,5.521653294563293457e-01,-3.278268128633499146e-02,-2.450202703475952148e-01,1.691831648349761963e-01,9.162020683288574219e-01,1.694678813219070435e-01,1.251801997423171997e-01,-9.397515058517456055e-01,9.441152215003967285e-01,7.941279560327529907e-02,1.057802438735961914e-01,-3.670747578144073486e-01,-8.053211569786071777e-01,-5.488744974136352539e-01,1.635512113571166992e-01,8.519646525382995605e-01,-3.083299994468688965e-01,-5.628658533096313477e-01,6.172212362289428711e-01,9.208003282546997070e-01,2.309093922376632690e-01,-5.918536782264709473e-01
1.258250117301940918e+00,-2.049239426851272583e-01,-9.028866887092590332e-01,-9.595317244529724121e-01,3.021658957004547119e-01,-5.614815354347229004e-01,3.569221124053001404e-02,-1.350821107625961304e-01,-3.768310844898223877e-01,-5.385465025901794434e-01,-8.485105633735656738e-01,1.167666435241699219e+00,-1.294969301670789719e-02,-8.438721895217895508e-01,-5.452711582183837891e-01,-7.808197140693664551e-01,-6.183065474033355713e-02,5.163602158427238464e-02,1.073842883110046387e+00,4.472934603691101074e-01,1.331265866756439209e-01,4.490695297718048096e-01,2.290300130844116211e-01,4.036666154861450195e-01,4.818404316902160645e-01
1.254772990942001343e-01,3.429560065269470215e-01,-7.169362902641296387e-01,1.031169056892395020e+00,3.183693885803222656e-01,-5.732144042849540710e-02,-4.546008110046386719e-01,9.718063473701477051e-01,-2.749579548835754395e-01,1.099901497364044189e-01,8.568193018436431885e-02,-6.663520932197570801e-01,-2.334043532609939575e-01,-5.635365843772888184e-01,6.670369505882263184e-01,4.530406594276428223e-01,4.990805089473724365e-01,-8.925337195396423340e-01,-6.803930401802062988e-01,3.359451889991760254e-01,-9.590705037117004395e-01,-7.342010736465454102e-01,2.899024784564971924e-01,-1.490461379289627075e-01,-6.644905358552932739e-02
5.177177190780639648e-01,-3.876832425594329834e-01,-3.132170438766479492e-01,-2.593269050121307373e-01,5.204746127128601074e-01,4.387765228748321533e-01,-6.369091868400573730e-01,1.077615022659301758e+00,-5.369836091995239258e-01,7.148821353912353516e-01,-3.596404790878295898e-01,7.133369445800781250e-01,-6.181186437606811523e-01,8.698682785034179688e-01,4.800925850868225098e-01,2.999337613582611084e-01,-5.448580980300903320e-01,3.466198742389678955e-01,5.413946509361267090e-01,-2.617871463298797607e-01,-2.873261570930480957e-01,-2.998159527778625488e-01,-6.945534348487854004e-01,4.632761701941490173e-02,9.780281186103820801e-01
6.367888450622558594e-01,-7.498884201049804688e-01,-2.113510519266128540e-01,-1.294879168272018433e-01,-3.901687860488891602e-01,-9.043639898300170898e-01,-7.652513384819030762e-01,3.978784680366516113e-01,-7.474402785301208496e-01,-9.642543196678161621e-01,2.872885465621948242e-01,-7.024685144424438477e-01,-6.195372343063354492e-01,-6.955092772841453552e-03,-9.728796482086181641e-01,3.310610353946685791e-01,3.640018105506896973e-01,-8.314847946166992188e-01,6.956651061773300171e-02,5.545245409011840820e-01,1.004267573356628418e+00,7.263675332069396973e-01,5.670281052589416504e-01,-9.763222932815551758e-01,9.168092608451843262e-01
7.681720256805419922e-01,5.163322687149047852e-01,4.336654841899871826e-01,-1.401911973953247070e-01,-9.085221290588378906e-01,-5.323798656463623047e-01,-8.910540342330932617e-01,7.557703852653503418e-01,2.552575767040252686e-01,2.317721545696258545e-01,-4.008290171623229980e-01,5.766931772232055664e-01,-6.205338835716247559e-01,-1.729050427675247192e-01,-7.190035581588745117e-01,9.119951128959655762e-01,9.015023708343505859e-01,-7.505208253860473633e-01,-1.449705958366394043e-01,7.933374643325805664e-01,-6.519737243652343750e-01,-6.651461720466613770e-01,4.122338294982910156e-01,-3.879965841770172119e-02,-2.156085968017578125e-01
3.563567399978637695e-01,-8.134046792984008789e-01,-3.084783852100372314e-01,6.854491829872131348e-01,-6.994612812995910645e-01,-2.326938323676586151e-02,-1.082086712121963501e-01,-3.822688162326812744e-01,8.262571096420288086e-01,1.081240177154541016e-01,-2.132567912340164185e-01,4.758931398391723633e-01,8.471728563308715820e-01,-9.136897921562194824e-01,-1.370660811662673950e-01,8.745050430297851562e-01,6.886143982410430908e-02,-4.560094177722930908e-01,-2.106513530015945435e-01,6.009297370910644531e-01,-4.821515381336212158e-01,-2.507726848125457764e-01,2.609972655773162842e-01,9.097546935081481934e-01,6.785704493522644043e-01
1.532939374446868896e-01,6.471627354621887207e-01,-8.099727332592010498e-02,-6.072281599044799805e-01,2.804532945156097412e-01,-3.477487564086914062e-01,4.551015794277191162e-01,-7.891353964805603027e-01,-5.482864975929260254e-01,-4.337861239910125732e-01,-5.011317729949951172e-01,-4.853946566581726074e-01,-4.095739126205444336e-01,1.703837215900421143e-01,-2.995078265666961670e-01,-5.472602844238281250e-01,5.470282435417175293e-01,3.579958081245422363e-01,-7.132941484451293945e-01,3.444989323616027832e-01,-3.654036223888397217e-01,-3.468770980834960938e-01,9.448291063308715820e-01,-4.902398288249969482e-01,4.227618873119354248e-01
-8.366533517837524414e-01,-1.204993426799774170e-01,-7.483570575714111328e-01,4.667270183563232422e-01,7.505726814270019531e-01,5.006248131394386292e-02,5.763120651245117188e-01,5.567463636398315430e-01,-8.510847091674804688e-01,6.245613098144531250e-01,-7.029727101325988770e-01,-7.592352032661437988e-01,8.711174726486206055e-01,2.596050202846527100e-01,4.144470691680908203e-01,-1.122120842337608337e-01,-1.730892509222030640e-01,4.935007542371749878e-03,-3.173727691173553467e-01,3.102549910545349121e-01,-3.360337913036346436e-01,-7.117187976837158203e-01,9.951503872871398926e-01,-4.996914863586425781e-01,-2.334133088588714600e-01
1.052776813507080078e+00,9.041637182235717773e-01,-4.372686445713043213e-01,-6.400045752525329590e-01,3.212760984897613525e-01,-2.667082548141479492e-01,-7.342319488525390625e-01,-6.018127202987670898e-01,-5.351714491844177246e-01,3.287924826145172119e-01,6.487846970558166504e-01,-1.562666893005371094e-01,5.391917824745178223e-01,5.906943678855895996e-01,-6.201518774032592773e-01,-4.738723039627075195e-01,-1.575213372707366943e-01,5.292516201734542847e-02,3.398323655128479004e-01,8.996803164482116699e-01,-3.300717175006866455e-01,-9.059939384460449219e-01,-4.134569168090820312e-01,1.113005518913269043e+00,2.815237343311309814e-01
1.337312459945678711e-01,1.693708598613739014e-01,-1.008733034133911133e+00,-1.707965731620788574e-01,-6.429365277290344238e-01,4.657322466373443604e-01,8.835523575544357300e-02,-7.783988118171691895e-01,5.515380501747131348e-01,-4.880076646804809570e-01,-1.005191281437873840e-01,6.650601029396057129e-01,8.914350271224975586e-01,2.141874283552169800e-01,1.042132139205932617e+00,2.906368672847747803e-01,-8.721119761466979980e-01,-1.177076920866966248e-01,5.727860331535339355e-01,9.407174587249755859e-02,-6.680891662836074829e-02,-2.665665149688720703e-01,-5.364927649497985840e-01,1.098654031753540039e+00,-3.997397422790527344e-01
-9.468988776206970215e-01,3.657297194004058838e-01,-1.181585043668746948e-01,-9.759131669998168945e-01,-4.253188967704772949e-01,4.284616410732269287e-01,7.347801327705383301e-01,6.952775120735168457e-01,4.619082212448120117e-01,2.418476343154907227e-01,-1.529209464788436890e-01,-4.486945867538452148e-01,-1.038859367370605469e+00,5.914736986160278320e-01,-8.070580959320068359e-01,-9.395754337310791016e-01,-8.362285494804382324e-01,-7.048703432083129883e-01,-4.630740284919738770e-01,4.325428307056427002e-01,-6.584396362304687500e-01,-5.275674462318420410e-01,9.076162576675415039e-01,8.101864457130432129e-01,-3.490628600120544434e-01
2.279087007045745850e-01,1.527583450078964233e-01,-5.434716939926147461e-01,-7.033872604370117188e-01,-2.886042892932891846e-01,8.067940473556518555e-01,-9.921118021011352539e-01,8.488142490386962891e-01,-8.085378408432006836e-01,-6.089813709259033203e-01,-6.786941289901733398e-01,-5.204812288284301758e-01,-1.791686378419399261e-02,-8.081846237182617188e-01,-2.565989829599857330e-02,-9.426608085632324219e-01,1.220293641090393066e-01,3.534867465496063232e-01,-4.010413587093353271e-01,8.562029600143432617e-01,-9.503217935562133789e-01,8.076936602592468262e-01,9.979449510574340820e-01,6.865088939666748047e-01,-3.379059731960296631e-01
5.451653003692626953e-01,5.609595775604248047e-01,-5.179147794842720032e-02,-7.364169955253601074e-01,-8.875085115432739258e-01,-3.073375821113586426e-01,4.859808385372161865e-01,5.476619601249694824e-01,7.076640129089355469e-01,-6.393348574638366699e-01,-2.646756172180175781e-01,5.448404550552368164e-01,9.285833239555358887e-01,-9.987103343009948730e-01,3.351018130779266357e-01,-6.315794587135314941e-02,2.796569764614105225e-01,8.880387544631958008e-01,-6.616328656673431396e-02,7.198688387870788574e-02,-1.156116649508476257e-01,4.669643938541412354e-01,-4.499987065792083740e-01,2.882264256477355957e-01,-4.079308509826660156e-01
-2.927024364471435547e-01,2.993277609348297119e-01,5.817819833755493164e-01,4.460814893245697021e-01,-1.036717817187309265e-01,-3.739349246025085449e-01,9.395161867141723633e-01,3.836839459836483002e-03,4.010889828205108643e-01,-9.195901751518249512e-01,-9.822167158126831055e-01,3.252144157886505127e-01,7.512120604515075684e-01,2.008865177631378174e-01,-3.704083561897277832e-01,-2.486345171928405762e-01,8.673713207244873047e-01,-5.930050015449523926e-01,3.207596838474273682e-01,6.158515214920043945e-01,9.085722565650939941e-01,-6.124173998832702637e-01,6.370807886123657227e-01,-3.447015583515167236e-01,2.287783771753311157e-01
-2.759037017822265625e-01,-5.912587642669677734e-01,-1.103241965174674988e-01,-5.728937983512878418e-01,5.827536582946777344e-01,8.829888701438903809e-01,9.896712303161621094e-01,2.555880844593048096e-01,-5.094081759452819824e-01,5.829350948333740234e-01,-5.066869854927062988e-01,8.953364491462707520e-01,-6.341090798377990723e-01,-8.466033339500427246e-01,-7.210162281990051270e-01,-4.210776686668395996e-01,-6.910752654075622559e-01,-4.721149504184722900e-01,7.139435410499572754e-01,-7.392914295196533203e-01,-1.142125129699707031e-01,7.203981280326843262e-01,-2.911838293075561523e-01,2.953265905380249023e-01,6.116877198219299316e-01
4.104766249656677246e-01,-2.681137323379516602e-01,-1.165209650993347168e+00,4.640282094478607178e-01,6.054197549819946289e-01,-5.822505950927734375e-01,-6.163440942764282227e-01,4.283689856529235840e-01,-3.049358427524566650e-01,7.230752110481262207e-01,-7.016592621803283691e-01,-1.829305142164230347e-01,8.375703096389770508e-01,-7.823922634124755859e-01,-2.186685614287853241e-02,2.364622503519058228e-01,-5.069096088409423828e-01,-3.507328629493713379e-01,-5.008740425109863281e-01,-4.369229972362518311e-01,6.669795513153076172e-01,-8.574506044387817383e-01,1.014744162559509277e+00,5.206675529479980469e-01,-3.328153491020202637e-01
8.119897842407226562e-01,6.536157131195068359e-01,1.528972238302230835e-01,7.184171676635742188e-01,5.788115411996841431e-02,-7.129943370819091797e-01,1.018777266144752502e-01,5.936143994331359863e-01,-9.927520155906677246e-02,8.591438531875610352e-01,-3.648076578974723816e-02,6.715619564056396484e-01,9.080909490585327148e-01,7.250671386718750000e-01,-3.477819263935089111e-01,-4.807381927967071533e-01,-9.579435586929321289e-01,-9.733219146728515625e-01,5.307081937789916992e-01,-6.200981736183166504e-01,-8.261828422546386719e-01,-2.627976536750793457e-01,9.596069455146789551e-01,-1.794057786464691162e-01,4.345064461231231689e-01
5.678912997245788574e-01,7.001860737800598145e-01,8.656337857246398926e-01,-6.745617091655731201e-02,-1.716364920139312744e-02,-3.835847973823547363e-01,-8.198792338371276855e-01,8.135062456130981445e-01,6.810815334320068359e-01,1.916771084070205688e-01,6.055545806884765625e-02,1.607602983713150024e-01,-2.106513231992721558e-01,-8.374694585800170898e-01,6.744882464408874512e-01,3.730158880352973938e-02,-4.532602801918983459e-02,3.597894012928009033e-01,-6.547037363052368164e-01,-6.675723791122436523e-01,-5.034748315811157227e-01,1.052225455641746521e-01,-5.712467432022094727e-01,5.966522097587585449e-01,-8.398454785346984863e-01
-4.533853530883789062e-01,5.608179569244384766e-01,-5.205699801445007324e-01,-8.177585005760192871e-01,-1.026102900505065918e-01,6.176509857177734375e-01,-4.425953328609466553e-01,2.617805004119873047e-01,-8.987340331077575684e-01,2.771027684211730957e-01,2.300236076116561890e-01,-8.806694746017456055e-01,1.974284499883651733e-01,6.085137128829956055e-01,7.258350849151611328e-01,-9.435857534408569336e-01,-5.645319223403930664e-01,-7.858904004096984863e-01,-6.526950597763061523e-01,4.796807095408439636e-02,-2.608380094170570374e-02,4.323516786098480225e-01,-2.623937129974365234e-01,-9.558364748954772949e-01,2.017599344253540039e-02
-9.147666394710540771e-02,1.008938193321228027e+00,-8.308440446853637695e-01,7.721375674009323120e-02,-1.175274610519409180e+00,-1.586880534887313843e-01,-3.975581526756286621e-01,-9.812031388282775879e-01,6.400092840194702148e-01,-7.298191785812377930e-01,-1.256832480430603027e+00,1.637878775596618652e+00,9.936254024505615234e-01,1.515771865844726562e+00,1.147687077522277832e+00,4.475740492343902588e-01,1.146075949072837830e-01,-5.453911423683166504e-01,-2.215899229049682617e-01,5.482185482978820801e-01,8.076110482215881348e-01,-7.954922914505004883e-01,7.393367290496826172e-01,-1.121771574020385742e+00,1.478888392448425293e-01
8.576309308409690857e-03,1.917349733412265778e-02,-7.039255499839782715e-01,-3.059809207916259766e-01,-1.527639925479888916e-01,-5.186410546302795410e-01,-1.997028142213821411e-01,5.231610536575317383e-01,1.688038408756256104e-01,-2.817802727222442627e-01,-1.392986718565225601e-02,-5.990229845046997070e-01,-2.001196891069412231e-01,4.180098474025726318e-01,-8.542762994766235352e-01,-4.575623571872711182e-01,2.709531486034393311e-01,-6.559464931488037109e-01,4.043134748935699463e-01,-8.698373436927795410e-01,7.280634641647338867e-01,4.921261072158813477e-01,2.482774853706359863e-02,-2.163656502962112427e-01,-7.429361939430236816e-01
-4.931990206241607666e-01,-2.326404601335525513e-01,-7.794479727745056152e-01,4.451594352722167969e-01,-4.413992166519165039e-01,6.763389706611633301e-01,3.774663507938385010e-01,1.532400548458099365e-01,3.351767361164093018e-01,5.387911200523376465e-01,-3.955315332859754562e-03,4.137566983699798584e-01,-2.895295321941375732e-01,9.389182925224304199e-01,5.750732421875000000e-01,8.502139449119567871e-01,9.017866253852844238e-01,-1.825930774211883545e-01,4.078596532344818115e-01,-3.176854923367500305e-02,5.277593433856964111e-02,2.204693257808685303e-01,-3.784949779510498047e-01,-1.977088302373886108e-01,-9.720460772514343262e-01
-1.851255656220018864e-03,-6.123625040054321289e-01,1.559672355651855469e-01,-3.710623085498809814e-01,-8.038187026977539062e-01,4.964921474456787109e-01,-5.465675592422485352e-01,-3.545413017272949219e-01,6.494712829589843750e-01,-3.707110881805419922e-01,-4.336672425270080566e-01,-9.448131322860717773e-01,-6.162716150283813477e-01,2.334097027778625488e-01,-5.231186151504516602e-01,4.347778558731079102e-01,6.187853813171386719e-01,-3.517365455627441406e-01,9.383280873298645020e-01,7.970981001853942871e-01,-4.520301818847656250e-01,-1.798608154058456421e-02,8.803696632385253906e-01,3.034580051898956299e-01,-7.779453992843627930e-01
-2.954260632395744324e-02,-1.944497823715209961e-01,-5.595349073410034180e-01,2.485830038785934448e-01,8.197102546691894531e-01,2.523846328258514404e-01,7.656622529029846191e-01,1.632589697837829590e-01,-1.514278054237365723e-01,-5.277057886123657227e-01,-7.083717584609985352e-01,1.204736307263374329e-01,1.002654671669006348e+00,2.287707775831222534e-01,-5.372804403305053711e-01,5.514846444129943848e-01,2.377821654081344604e-01,-8.656660467386245728e-02,-1.153157472610473633e+00,-6.319155544042587280e-02,-1.482882350683212280e-01,-3.104016482830047607e-01,9.396832585334777832e-01,9.456257820129394531e-01,-7.311718463897705078e-01
-6.629090309143066406e-01,-2.607156634330749512e-01,2.332143336534500122e-01,8.734157085418701172e-01,-5.055754184722900391e-01,-4.055818915367126465e-01,7.848262190818786621e-01,-4.379703402519226074e-01,8.358934521675109863e-01,1.478981524705886841e-01,-5.045054554939270020e-01,4.840479493141174316e-01,-7.213518023490905762e-01,5.753727555274963379e-01,-7.757059931755065918e-01,-6.571807265281677246e-01,-5.563505291938781738e-01,-6.168658137321472168e-01,-5.299279093742370605e-01,-5.284940004348754883e-01,-7.419881820678710938e-01,-8.222188353538513184e-01,-3.829845786094665527e-01,-4.499364271759986877e-02,-4.682072997093200684e-01
7.928419113159179688e-01,1.097501814365386963e-01,4.102152585983276367e-01,3.533411324024200439e-01,7.444929480552673340e-01,-4.637452661991119385e-01,-2.556298375129699707e-01,-6.218385100364685059e-01,-2.100548595190048218e-01,6.123411059379577637e-01,-4.675197303295135498e-01,-3.936771154403686523e-01,-8.092284798622131348e-01,1.092905923724174500e-02,-8.099215030670166016e-01,-7.786480188369750977e-01,3.099362552165985107e-01,-6.110017895698547363e-01,-7.689543366432189941e-01,5.380468964576721191e-01,-6.856980174779891968e-02,-3.845914602279663086e-01,2.423742711544036865e-01,3.048210740089416504e-01,1.467262953519821167e-01
-4.753597676753997803e-01,-8.909968286752700806e-02,4.990389347076416016e-01,-6.763319671154022217e-02,-1.405820399522781372e-01,8.439621925354003906e-01,4.456420838832855225e-01,-7.569699883460998535e-01,1.900110989809036255e-01,-4.502159655094146729e-01,3.967546224594116211e-01,4.865750670433044434e-01,-1.377783417701721191e-01,-9.101476669311523438e-01,-9.160845875740051270e-01,-9.100785851478576660e-01,6.293072700500488281e-01,8.917150497436523438e-01,-7.336537241935729980e-01,5.227248072624206543e-01,-8.505332469940185547e-01,4.692253172397613525e-01,9.658416509628295898e-01,-4.152239263057708740e-01,-2.682979777455329895e-02
-5.159698724746704102e-01,7.129984498023986816e-01,-7.370658963918685913e-02,-5.313782691955566406e-01,9.418334364891052246e-01,-7.493156790733337402e-01,1.911387592554092407e-01,-4.695019125938415527e-01,1.109138131141662598e-01,-8.327029943466186523e-01,-8.321265876293182373e-02,-4.825182855129241943e-01,-6.582205295562744141e-01,1.440336406230926514e-01,-5.748320817947387695e-01,3.296027481555938721e-01,-1.949992030858993530e-01,-9.254587292671203613e-01,9.785342812538146973e-01,2.554895589128136635e-03,-4.010434746742248535e-01,1.120535135269165039e-01,-6.531302332878112793e-01,-5.966207385063171387e-01,-2.420915514230728149e-01
2.359068691730499268e-01,-6.920209527015686035e-01,3.637337386608123779e-01,-2.760831117630004883e-01,2.291551977396011353e-01,-2.151071727275848389e-01,6.353343129158020020e-01,-3.448085486888885498e-01,4.296301603317260742e-01,-4.581252038478851318e-01,2.841459214687347412e-01,-1.742477566003799438e-01,1.116641044616699219e+00,-8.646739125251770020e-01,-3.503185808658599854e-01,9.048075079917907715e-01,7.856076210737228394e-02,-8.240310102701187134e-02,8.893895745277404785e-01,-5.132262706756591797e-01,8.769653439521789551e-01,6.318055987358093262e-01,1.008130908012390137e+00,7.605180144309997559e-01,-6.485813260078430176e-01
5.732836723327636719e-01,9.427815079689025879e-01,-4.890536367893218994e-01,-1.099014401435852051e+00,-2.636742591857910156e-01,3.153917491436004639e-01,4.132744967937469482e-01,1.452181100845336914e+00,6.573428511619567871e-01,1.329527199268341064e-01,3.786805272102355957e-01,4.323200881481170654e-01,-3.921989202499389648e-01,-1.318533420562744141e-01,-8.100921511650085449e-01,2.231397777795791626e-01,6.222288012504577637e-01,8.270378410816192627e-02,-8.658582568168640137e-01,-3.704457879066467285e-01,7.359169721603393555e-01,4.775190055370330811e-01,-1.082684397697448730e+00,5.887484550476074219e-01,-6.432495713233947754e-01
3.800216019153594971e-01,7.775775194168090820e-01,6.580305099487304688e-01,-4.502450525760650635e-01,-7.210457324981689453e-01,-1.271009743213653564e-01,-3.024691343307495117e-01,9.798660278320312500e-01,9.428271651268005371e-01,-5.312735587358474731e-02,5.544022843241691589e-02,9.333614110946655273e-01,-2.845952808856964111e-01,-5.072661638259887695e-01,-3.597370386123657227e-01,-1.563850790262222290e-01,-5.871086120605468750e-01,-7.951778769493103027e-01,7.737713456153869629e-01,-2.916977703571319580e-01,9.277360439300537109e-01,1.894892305135726929e-01,5.319439172744750977e-01,7.253339141607284546e-02,4.768297672271728516e-01
-4.322283565998077393e-01,5.851422250270843506e-02,3.901244103908538818e-01,-4.577642977237701416e-01,3.035240620374679565e-02,-6.112611293792724609e-02,6.687219738960266113e-01,4.342443645000457764e-01,5.902340412139892578e-01,1.736865192651748657e-01,6.673223376274108887e-01,2.940211296081542969e-01,1.366528868675231934e-01,-5.068296194076538086e-01,-2.152753025293350220e-01,-7.139998674392700195e-01,-7.964459657669067383e-01,-1.061904653906822205e-01,9.460409879684448242e-01,-7.151558995246887207e-01,-2.486316859722137451e-02,6.092061400413513184e-01,2.065049558877944946e-01,5.554973483085632324e-01,5.497398972511291504e-01
1.239616144448518753e-02,-9.429475665092468262e-01,1.842622458934783936e-01,-8.052570819854736328e-01,4.438389837741851807e-01,-9.162328243255615234e-01,-1.136847615242004395e+00,1.436745047569274902e+00,-8.644843697547912598e-01,2.294195145368576050e-01,-7.385594248771667480e-01,-4.404389262199401855e-01,-3.900233209133148193e-01,1.144099831581115723e+00,1.021159291267395020e+00,-9.055253267288208008e-01,7.247118949890136719e-01,7.562404870986938477e-01,4.944696724414825439e-01,-4.683199822902679443e-01,2.211481146514415741e-02,1.215064287185668945e+00,-1.002331733703613281e+00,-7.083643674850463867e-01,5.932103469967842102e-02
-2.199128419160842896e-01,-7.485770583152770996e-01,-8.299619555473327637e-01,-8.005756139755249023e-01,5.016093254089355469e-01,-3.343532085418701172e-01,-5.369501188397407532e-02,8.402569293975830078e-01,-6.323419213294982910e-01,-4.740749299526214600e-01,-9.316091537475585938e-01,-7.011170983314514160e-01,1.480716168880462646e-01,-2.306818813085556030e-01,1.404666006565093994e-01,-5.392466783523559570e-01,-8.426256179809570312e-01,-1.347694098949432373e-01,-1.091039478778839111e-01,-1.521743535995483398e-01,1.856336891651153564e-01,5.196229219436645508e-01,-8.672527670860290527e-01,-5.567666292190551758e-01,-4.961016401648521423e-02
-1.002237558364868164e+00,-4.272132813930511475e-01,-1.234631761908531189e-01,-5.884497761726379395e-01,8.237735629081726074e-01,5.674401521682739258e-01,2.556033432483673096e-01,1.158082008361816406e+00,9.353048801422119141e-01,-4.501721262931823730e-01,7.164686918258666992e-01,7.304407656192779541e-02,7.978408336639404297e-01,-4.980638921260833740e-01,-7.719243764877319336e-01,-1.072068691253662109e+00,-8.949421048164367676e-01,-3.951410576701164246e-02,2.405436187982559204e-01,-3.932488858699798584e-01,8.672889471054077148e-01,-5.950150489807128906e-01,1.863837987184524536e-01,1.067389130592346191e+00,6.284075379371643066e-01
-8.853850960731506348e-01,1.036867946386337280e-01,-9.751654267311096191e-01,-9.359859228134155273e-01,-4.781451225280761719e-01,9.173378348350524902e-02,-3.580356836318969727e-01,-2.941755652427673340e-01,2.319642305374145508e-01,9.171827435493469238e-01,-4.111430644989013672e-01,-7.812687754631042480e-02,1.923911869525909424e-01,7.965809702873229980e-01,-6.757597327232360840e-01,-5.629910826683044434e-01,-2.325494028627872467e-02,6.724072694778442383e-01,-2.150490283966064453e-01,-6.861660480499267578e-01,8.568255305290222168e-01,-3.271691799163818359e-01,-4.196743965148925781e-01,-1.658357866108417511e-02,7.480785250663757324e-02
4.662747085094451904e-01,7.363956570625305176e-01,9.689234495162963867e-01,5.719999670982360840e-01,9.415022730827331543e-01,2.190728299319744110e-02,6.449490785598754883e-01,-8.231443166732788086e-01,-2.664570808410644531e-01,-6.035990118980407715e-01,-3.882315456867218018e-01,-3.667100965976715088e-01,9.811208844184875488e-01,5.704044923186302185e-02,6.648423075675964355e-01,-7.968046069145202637e-01,6.427959799766540527e-01,3.544309874996542931e-03,-5.893930792808532715e-01,3.159536421298980713e-01,-9.492781758308410645e-01,3.721980452537536621e-01,8.109171390533447266e-01,-3.992624282836914062e-01,-3.427243530750274658e-01
5.139802694320678711e-01,-3.708468377590179443e-01,8.552174568176269531e-01,-8.131657242774963379e-01,-1.529124528169631958e-01,5.135925412178039551e-01,4.748170450329780579e-02,-6.659145355224609375e-01,3.195179104804992676e-01,3.108674883842468262e-01,-2.570702135562896729e-01,-5.366675853729248047e-01,6.084153652191162109e-01,-3.274952471256256104e-01,5.604775547981262207e-01,-2.343932688236236572e-01,-6.622260212898254395e-01,3.014837205410003662e-01,-4.603042006492614746e-01,6.249307990074157715e-01,-3.595996201038360596e-01,1.462479829788208008e-01,3.261695504188537598e-01,9.122693538665771484e-01,-2.559404447674751282e-02
-6.378449499607086182e-03,2.374508082866668701e-01,-3.666190207004547119e-01,2.610534727573394775e-01,3.526760935783386230e-01,-9.625253081321716309e-01,7.021915316581726074e-01,3.987148404121398926e-01,1.208361685276031494e-01,4.679927825927734375e-01,8.446848392486572266e-01,-2.044341415166854858e-01,8.630297183990478516e-01,-5.546275377273559570e-01,-8.575142621994018555e-01,-9.280967116355895996e-01,2.773391902446746826e-01,-8.169081211090087891e-01,-1.415501385927200317e-01,7.870205044746398926e-01,7.211679816246032715e-01,-6.316806375980377197e-02,-3.293770849704742432e-01,-5.441675782203674316e-01,4.250097572803497314e-01
-7.911762595176696777e-01,-5.542840957641601562e-01,7.131723165512084961e-01,-3.917768299579620361e-01,-5.109758973121643066e-01,9.838923215866088867e-01,-1.442999094724655151e-01,4.061111509799957275e-01,-2.400409877300262451e-01,-4.569341894239187241e-03,8.961592316627502441e-01,-4.278984963893890381e-01,4.172724187374114990e-01,-3.756678700447082520e-01,2.780441045761108398e-01,4.521961510181427002e-01,-3.723583221435546875e-01,2.707799077033996582e-01,-5.676948428153991699e-01,-5.390396714210510254e-01,-8.020145893096923828e-01,-7.396509051322937012e-01,2.897967118769884109e-03,-6.871150135993957520e-01,1.048220872879028320e+00
1.477950811386108398e-01,9.636793732643127441e-01,-6.404189020395278931e-02,-7.758122682571411133e-01,8.820366263389587402e-01,5.631896853446960449e-02,1.025694251060485840e+00,3.823040127754211426e-01,-3.248024582862854004e-01,7.050341963768005371e-01,9.702295660972595215e-01,-8.557716384530067444e-03,-7.856961488723754883e-01,5.086023211479187012e-01,9.272955060005187988e-01,5.080730319023132324e-01,1.136689707636833191e-01,6.568615436553955078e-01,2.738362848758697510e-01,-6.858271360397338867e-01,-2.546450495719909668e-01,-1.063748896121978760e-01,7.913689017295837402e-01,7.773825526237487793e-01,1.407787203788757324e-01
-4.439656734466552734e-01,-6.197136044502258301e-01,-5.819267034530639648e-01,-2.225682735443115234e-01,6.764689087867736816e-01,7.695403099060058594e-01,-8.538671731948852539e-01,1.648749560117721558e-01,-4.488278627395629883e-01,-6.090246438980102539e-01,4.921574145555496216e-02,2.729656994342803955e-01,1.352684199810028076e-01,-4.270713627338409424e-01,3.225081413984298706e-02,-3.443806171417236328e-01,6.487687230110168457e-01,-7.931895852088928223e-01,2.012039162218570709e-02,-5.239092186093330383e-02,-8.146786093711853027e-01,-6.172708868980407715e-01,4.491157233715057373e-01,1.801704019308090210e-01,-7.936018705368041992e-01
4.297586977481842041e-01,-4.518548250198364258e-01,-7.346543669700622559e-01,-7.591471076011657715e-01,2.358172833919525146e-01,9.654832482337951660e-01,5.177473425865173340e-01,-2.308578342199325562e-01,5.847986340522766113e-01,-3.559170961380004883e-01,-4.273307621479034424e-01,-6.290146708488464355e-02,-9.283949732780456543e-01,4.980904161930084229e-01,-6.351026892662048340e-01,7.305512428283691406e-01,-4.419209063053131104e-01,4.903647005558013916e-01,-5.171284079551696777e-01,6.519302725791931152e-01,-7.683143019676208496e-01,-5.578737258911132812e-01,-1.179356593638658524e-02,6.231093406677246094e-01,5.123805627226829529e-02
4.832243919372558594e-01,1.512546092271804810e-02,-3.768653869628906250e-01,-7.973994016647338867e-01,1.286011040210723877e-01,6.480441689491271973e-01,5.183439850807189941e-01,-9.838652014732360840e-01,1.510390043258666992e-01,9.024533629417419434e-01,8.710762262344360352e-01,-7.716152667999267578e-01,-5.865498781204223633e-01,7.895975559949874878e-02,-5.496394038200378418e-01,9.398342370986938477e-01,1.661465913057327271e-01,8.010580539703369141e-01,5.750974267721176147e-02,3.213339149951934814e-01,-1.254918128252029419e-01,-9.878652095794677734e-01,9.802990555763244629e-01,-4.191836118698120117e-01,-9.649361483752727509e-03
-6.745828390121459961e-01,-4.270599484443664551e-01,1.613257825374603271e-01,4.270867109298706055e-01,8.309744000434875488e-01,7.090976238250732422e-01,-3.599906265735626221e-01,6.853808760643005371e-01,1.885298639535903931e-01,9.656986594200134277e-02,1.226195544004440308e-01,9.482709169387817383e-01,-5.257506966590881348e-01,1.736539998091757298e-03,-3.151566982269287109e-01,-5.149328112602233887e-01,-5.089957714080810547e-01,-9.447072744369506836e-01,5.665001273155212402e-01,-4.083194136619567871e-01,1.435587257146835327e-01,3.759114444255828857e-01,4.979859292507171631e-02,9.052193164825439453e-01,2.413440197706222534e-01
2.097174972295761108e-01,-8.601483702659606934e-01,2.503301799297332764e-01,8.611372113227844238e-01,-8.023298382759094238e-01,9.351624846458435059e-01,2.184826284646987915e-01,1.252045154571533203e+00,1.007499456405639648e+00,7.374113202095031738e-01,5.933151245117187500e-01,-4.528439939022064209e-01,-1.287719964981079102e+00,-9.889822006225585938e-01,-2.231851033866405487e-02,-9.412798285484313965e-01,-9.086005687713623047e-01,4.155512452125549316e-01,-8.235380053520202637e-01,3.637802004814147949e-01,6.248238086700439453e-01,-1.115083456039428711e+00,2.400011718273162842e-01,7.771998643875122070e-01,1.463096290826797485e-01
6.045848727226257324e-01,1.121546328067779541e-01,-6.275174021720886230e-01,7.459155917167663574e-01,1.951492428779602051e-01,-7.500335574150085449e-01,-4.147882461547851562e-01,-2.280920594930648804e-01,1.253939867019653320e+00,7.327324151992797852e-01,4.400875568389892578e-01,7.342201471328735352e-01,-7.355231046676635742e-01,-1.677583307027816772e-01,-8.348065018653869629e-01,8.782358169555664062e-01,6.020485423505306244e-03,-1.066699922084808350e-01,5.198765397071838379e-01,7.319571375846862793e-01,-1.425779238343238831e-02,7.966974377632141113e-01,5.179136991500854492e-01,-4.529749751091003418e-01,-4.601628184318542480e-01
-1.669380068778991699e-02,7.836046814918518066e-01,7.251561880111694336e-01,-9.542846679687500000e-01,9.670687317848205566e-01,2.241157591342926025e-01,-5.012310743331909180e-01,-4.975817352533340454e-02,-9.789059162139892578e-01,-8.984610438346862793e-01,-4.688954651355743408e-01,-2.740789353847503662e-01,1.549025475978851318e-01,-2.574795186519622803e-01,8.886852860450744629e-01,-7.033218741416931152e-01,-3.613060414791107178e-01,3.190982043743133545e-01,-8.720139265060424805e-01,2.948690205812454224e-02,1.619997173547744751e-01,-3.518553376197814941e-01,9.719123244285583496e-01,1.943688243627548218e-01,4.933018386363983154e-01
-6.448976993560791016e-01,7.049618959426879883e-01,5.654308795928955078e-01,-4.044991135597229004e-01,-5.302228406071662903e-02,2.247215509414672852e-01,1.151032447814941406e-01,-3.479534983634948730e-01,-6.903538107872009277e-01,-4.383784830570220947e-01,4.529646132141351700e-03,5.271674394607543945e-01,9.732111543416976929e-02,-7.594589143991470337e-02,1.926362663507461548e-01,4.825823307037353516e-01,-1.045845627784729004e+00,7.359489798545837402e-01,2.837651669979095459e-01,1.036606311798095703e+00,-6.569253802299499512e-01,9.779814481735229492e-01,-5.413347855210304260e-02,1.704476922750473022e-01,-4.719100147485733032e-02
4.415716230869293213e-01,-4.833731353282928467e-01,5.952268242835998535e-01,-6.653007864952087402e-01,-5.869224667549133301e-01,-1.124646291136741638e-01,-8.733398914337158203e-01,7.376374006271362305e-01,6.431001424789428711e-01,-3.575628399848937988e-01,-7.713158130645751953e-01,-5.570850968360900879e-01,-9.016903638839721680e-01,-3.538078963756561279e-01,7.964710891246795654e-02,-5.161789059638977051e-01,7.025784254074096680e-01,5.122436955571174622e-02,5.169609189033508301e-01,1.459200773388147354e-02,8.250281810760498047e-01,3.537677526473999023e-01,8.499173521995544434e-01,2.324459850788116455e-01,5.403905510902404785e-01
4.751952290534973145e-01,1.643362343311309814e-01,-3.590222299098968506e-01,-7.357514500617980957e-01,7.276198267936706543e-01,2.097270488739013672e-01,3.811223506927490234e-01,9.068240225315093994e-02,4.003635942935943604e-01,-7.106161117553710938e-01,9.140565991401672363e-01,-6.157090663909912109e-01,2.605018317699432373e-01,5.291943550109863281e-01,-3.539441525936126709e-01,4.660094380378723145e-01,-8.952175378799438477e-01,-4.798933863639831543e-01,1.447014063596725464e-01,-1.342804133892059326e-01,-8.600929975509643555e-01,3.348797261714935303e-01,-9.154096841812133789e-01,5.986288562417030334e-02,-6.018475294113159180e-01
8.370386958122253418e-01,3.374425694346427917e-02,3.857794702053070068e-01,-1.468667387962341309e-01,-4.533914923667907715e-01,4.006006419658660889e-01,7.919644117355346680e-01,1.435700338333845139e-02,-9.672302603721618652e-01,-2.376477122306823730e-01,-2.566191740334033966e-02,5.147790908813476562e-01,-5.729957818984985352e-01,-8.323385715484619141e-01,-6.551058292388916016e-01,4.126403629779815674e-01,7.355300784111022949e-01,-7.044413089752197266e-01,6.224930286407470703e-02,3.789231181144714355e-01,1.389880925416946411e-01,-6.205600500106811523e-01,-1.007419466972351074e+00,9.237552285194396973e-01,3.710459768772125244e-01
-2.517068088054656982e-01,4.342077672481536865e-02,-2.016194164752960205e-01,-2.249371558427810669e-01,3.427762091159820557e-01,6.825323104858398438e-01,-8.286915719509124756e-02,-1.469844579696655273e-02,-8.953873515129089355e-01,-5.961834192276000977e-01,-3.808600362390279770e-03,3.693774342536926270e-01,-5.473526716232299805e-01,-3.837602436542510986e-01,-6.209047436714172363e-01,-3.177695274353027344e-01,5.209412425756454468e-03,-4.916617274284362793e-02,-1.224294900894165039e-01,7.175954580307006836e-01,-2.141406238079071045e-01,-2.715865969657897949e-01,3.174536526203155518e-01,5.592456459999084473e-01,-1.119049713015556335e-01
-7.605944275856018066e-01,2.717752456665039062e-01,-5.502085685729980469e-01,-5.925260186195373535e-01,-6.484256982803344727e-01,5.909278988838195801e-01,-4.776668548583984375e-01,8.666852116584777832e-01,-2.250504493713378906e-01,-7.912023663520812988e-01,4.579053260385990143e-03,-4.050593972206115723e-01,-4.449488818645477295e-01,8.868250250816345215e-01,9.384735822677612305e-01,-4.057693779468536377e-01,5.537496805191040039e-01,9.359995126724243164e-01,4.234104454517364502e-01,-4.433581531047821045e-01,-6.240020990371704102e-01,1.007320642471313477e+00,5.453258156776428223e-01,-4.322840869426727295e-01,2.261037081480026245e-01
3.778245449066162109e-01,-9.748587608337402344e-01,4.061903357505798340e-01,4.981830418109893799e-01,-8.388452529907226562e-01,3.122859895229339600e-01,1.166331991553306580e-01,-9.294424653053283691e-01,8.442226648330688477e-01,-5.056897401809692383e-01,3.412000089883804321e-02,-5.226231217384338379e-01,4.407898485660552979e-01,4.307202696800231934e-01,4.654636979103088379e-01,1.192234605550765991e-01,3.701483905315399170e-01,-7.218556404113769531e-01,5.296936631202697754e-01,-4.272494912147521973e-01,-7.787594199180603027e-01,-5.521910190582275391e-01,9.967883229255676270e-01,-1.186859831213951111e-01,2.201414853334426880e-01
-5.378482937812805176e-01,-6.692147850990295410e-01,-1.102496460080146790e-01,-4.293282032012939453e-01,5.982738733291625977e-01,6.444768309593200684e-01,-3.852646052837371826e-01,3.520092368125915527e-01,-3.335439041256904602e-02,4.703615903854370117e-01,-8.494854569435119629e-01,2.857087254524230957e-01,3.522516191005706787e-01,-2.880727052688598633e-01,-5.420824885368347168e-01,6.215038299560546875e-01,5.014570951461791992e-01,-2.081506103277206421e-01,7.746627330780029297e-01,9.410459548234939575e-02,-6.297351419925689697e-02,-8.149477243423461914e-01,-6.017693281173706055e-01,2.735546231269836426e-01,-1.809513866901397705e-01
4.597268402576446533e-01,-5.157353281974792480e-01,-7.619999647140502930e-01,6.395900845527648926e-01,-1.008779764175415039e+00,-6.355931162834167480e-01,5.628825426101684570e-01,-6.886061429977416992e-01,8.611399680376052856e-02,9.890332818031311035e-01,-2.394976168870925903e-01,-1.007542490959167480e+00,1.299596071243286133e+00,9.582535624504089355e-01,-5.093033313751220703e-01,4.213447123765945435e-02,-7.814499735832214355e-02,8.736096620559692383e-01,4.732604324817657471e-01,5.141741037368774414e-01,6.404748558998107910e-01,7.740643620491027832e-01,-1.734112948179244995e-01,-5.934549570083618164e-01,-1.034068912267684937e-01
3.323860168457031250e-01,3.862479627132415771e-01,6.356374025344848633e-01,-9.090262055397033691e-01,-1.456997543573379517e-01,5.514007806777954102e-01,5.133811235427856445e-01,9.161003232002258301e-01,8.247513771057128906e-01,3.293934166431427002e-01,-7.193736433982849121e-01,7.115006446838378906e-01,8.498470783233642578e-01,-6.719360947608947754e-01,7.646243572235107422e-01,6.497734785079956055e-01,6.481729745864868164e-01,2.900168299674987793e-01,9.122650027275085449e-01,-2.285638898611068726e-01,5.201171636581420898e-01,4.574598371982574463e-01,-5.048765614628791809e-02,-1.791190952062606812e-01,5.301051139831542969e-01
6.586455106735229492e-01,8.789529800415039062e-01,3.489873707294464111e-01,-4.296778440475463867e-01,4.793745279312133789e-01,2.133289426565170288e-01,-5.330571532249450684e-01,4.510086178779602051e-01,-8.821344375610351562e-01,-4.170837104320526123e-01,6.328508257865905762e-01,-7.625995874404907227e-01,-2.298400178551673889e-02,-3.971292674541473389e-01,-5.092192292213439941e-01,3.437471687793731689e-01,4.441982805728912354e-01,-9.003801941871643066e-01,8.384730815887451172e-01,7.783563435077667236e-02,-7.088920474052429199e-02,-8.213602304458618164e-01,-2.437311857938766479e-01,5.034841895103454590e-01,2.902184128761291504e-01
5.866407752037048340e-01,4.209242165088653564e-01,-4.154760837554931641e-01,9.536955356597900391e-01,1.823758184909820557e-01,-9.376325607299804688e-01,1.879442632198333740e-01,-5.536450147628784180e-01,3.281022012233734131e-01,1.617119610309600830e-01,5.043525993824005127e-02,-5.448243618011474609e-01,-7.900075316429138184e-01,-9.081063270568847656e-01,2.354502975940704346e-01,-5.011541247367858887e-01,9.766440391540527344e-01,-7.261037826538085938e-01,3.857303559780120850e-01,-3.960291743278503418e-01,-5.548802614212036133e-01,4.089115560054779053e-01,-2.306642942130565643e-02,-1.944464296102523804e-01,6.345283985137939453e-01
-6.177875995635986328e-01,7.025756835937500000e-01,-3.521907329559326172e-01,-4.663906693458557129e-01,-2.480702698230743408e-01,-9.856995940208435059e-01,8.067499995231628418e-01,1.361733824014663696e-01,-5.249323248863220215e-01,-5.621427297592163086e-01,-3.137120306491851807e-01,-4.584948420524597168e-01,-2.301648706197738647e-01,-6.764112710952758789e-01,6.088491678237915039e-01,1.842710673809051514e-01,1.917365491390228271e-01,2.046246267855167389e-02,-6.641376614570617676e-01,-1.031586289405822754e+00,-7.574282884597778320e-01,-8.801973462104797363e-01,4.709388017654418945e-01,-3.882849812507629395e-01,7.470048666000366211e-01
6.638550162315368652e-01,-5.283378437161445618e-02,-7.622965574264526367e-01,3.051771521568298340e-01,6.610246896743774414e-01,-8.871747851371765137e-01,6.732308864593505859e-01,-1.023379445075988770e+00,-4.466075003147125244e-01,2.669977545738220215e-01,8.018916845321655273e-01,1.241438984870910645e-01,-7.664902210235595703e-01,-9.295973181724548340e-01,3.656044304370880127e-01,-3.417960405349731445e-01,-3.271291255950927734e-01,-7.290790677070617676e-01,9.710103869438171387e-01,-2.187083810567855835e-01,6.518486142158508301e-01,-1.544018536806106567e-01,4.586156010627746582e-01,-8.648636937141418457e-01,-5.144348144531250000e-01
-3.550681769847869873e-01,-3.997837007045745850e-02,-3.920508325099945068e-01,1.926423460245132446e-01,-3.441614806652069092e-01,8.313965797424316406e-01,1.105995625257492065e-01,1.780094504356384277e-01,-2.129138857126235962e-01,-5.245335698127746582e-01,-4.738653898239135742e-01,-3.946052789688110352e-01,-3.854176104068756104e-01,-8.938001990318298340e-01,3.804031908512115479e-01,1.733354032039642334e-01,5.169780254364013672e-01,-9.007766842842102051e-03,9.676132798194885254e-01,5.672370195388793945e-01,2.392388880252838135e-01,-2.141636162996292114e-01,5.683107376098632812e-01,-2.251120284199714661e-02,3.866521418094635010e-01
4.120393991470336914e-01,4.523458778858184814e-01,4.200133383274078369e-01,5.983897447586059570e-01,4.599824845790863037e-01,7.744932770729064941e-01,-1.852406859397888184e-01,-7.955247759819030762e-01,5.154903531074523926e-01,-5.374611914157867432e-02,1.067040637135505676e-01,8.419435024261474609e-01,-7.862393260002136230e-01,-6.117368936538696289e-01,-4.626526236534118652e-01,-9.647768735885620117e-01,-5.134955644607543945e-01,-7.481171190738677979e-02,3.562100231647491455e-01,-8.729973435401916504e-01,9.392402172088623047e-01,7.789864540100097656e-01,-6.832404732704162598e-01,1.157371476292610168e-01,3.089677691459655762e-01
1.964865624904632568e-02,-2.749698460102081299e-01,-5.662974715232849121e-01,6.023077368736267090e-01,-3.445296287536621094e-01,-2.440571337938308716e-01,3.548450469970703125e-01,3.052088320255279541e-01,-3.396748006343841553e-01,5.519451498985290527e-01,-1.830043792724609375e-01,1.009759068489074707e+00,7.813705801963806152e-01,-9.935791790485382080e-02,-8.229739069938659668e-01,-4.772062897682189941e-01,9.106003046035766602e-01,-4.992323219776153564e-01,3.053693771362304688e-01,-6.987496018409729004e-01,-2.666791677474975586e-01,-1.013051122426986694e-01,4.713090360164642334e-01,5.044724345207214355e-01,2.980529963970184326e-01
-4.431548342108726501e-02,-1.054194927215576172e+00,2.831522226333618164e-01,-5.425924062728881836e-01,-7.652062773704528809e-01,-1.020165920257568359e+00,6.637421250343322754e-01,7.395507693290710449e-01,-1.602419763803482056e-01,7.523293495178222656e-01,6.485416293144226074e-01,2.659221291542053223e-01,-9.101936221122741699e-01,-2.210090756416320801e-01,-1.005673050880432129e+00,4.911052882671356201e-01,-7.989631295204162598e-01,-6.879785656929016113e-01,-8.647133708000183105e-01,5.414946675300598145e-01,-6.098851561546325684e-01,3.414567708969116211e-01,6.257576942443847656e-01,-3.308483362197875977e-01,-4.278466403484344482e-01
-5.487817525863647461e-01,-2.586750388145446777e-01,1.455376744270324707e-01,-3.764481246471405029e-01,8.965417146682739258e-01,-2.606444656848907471e-01,3.386490345001220703e-01,4.327185153961181641e-01,9.862878322601318359e-01,-5.526312589645385742e-01,-6.945200562477111816e-01,7.060118913650512695e-01,-4.428442716598510742e-01,6.157523393630981445e-01,-7.016826272010803223e-01,6.900532245635986328e-01,2.223414480686187744e-01,6.513611674308776855e-01,8.962773084640502930e-01,5.549051165580749512e-01,-1.533086448907852173e-01,1.282333135604858398e-01,7.599855065345764160e-01,-4.805694147944450378e-02,-7.265975475311279297e-01
9.119431376457214355e-01,-3.916615843772888184e-01,-4.031715691089630127e-01,6.327434182167053223e-01,-7.526193857192993164e-01,-3.114456236362457275e-01,-4.441016316413879395e-01,8.582194447517395020e-01,-5.949389338493347168e-01,-4.228715598583221436e-01,6.361877322196960449e-01,-2.443513274192810059e-01,-1.759335249662399292e-01,-1.213691383600234985e-01,-6.697792410850524902e-01,4.440971314907073975e-01,-3.080307543277740479e-01,3.835792541503906250e-01,-3.014917485415935516e-02,4.094327986240386963e-01,-3.553750514984130859e-01,1.327620267868041992e+00,9.505435228347778320e-01,-5.233315229415893555e-01,-1.072463512420654297e+00
2.480054646730422974e-01,5.166808366775512695e-01,4.936916530132293701e-01,9.226756095886230469e-01,-9.749075770378112793e-01,2.785093188285827637e-01,4.833941161632537842e-02,-7.699060440063476562e-01,-8.378625847399234772e-03,6.410323977470397949e-01,3.021435439586639404e-01,-3.587130606174468994e-01,2.455223947763442993e-01,9.173991680145263672e-01,4.936839044094085693e-01,6.387477517127990723e-01,9.364330172538757324e-01,-9.780415892601013184e-01,-6.571875810623168945e-01,-1.898099333047866821e-01,8.364964723587036133e-01,-6.976581364870071411e-02,-9.681945443153381348e-01,-1.149936616420745850e-01,1.407051086425781250e-01
1.715488433837890625e-01,1.768541783094406128e-01,6.013351082801818848e-01,-2.763628363609313965e-01,3.232037276029586792e-02,-1.002834662795066833e-01,-8.843979239463806152e-01,7.220281958580017090e-01,9.796407818794250488e-01,7.708948850631713867e-01,8.853881955146789551e-01,-6.392835378646850586e-01,-6.504362225532531738e-01,-2.823583483695983887e-01,-3.121358454227447510e-01,4.465115666389465332e-01,9.152492880821228027e-01,-8.761098980903625488e-01,5.912486314773559570e-01,8.542605489492416382e-02,5.407427251338958740e-02,-4.253607690334320068e-01,9.316835403442382812e-01,2.466903179883956909e-01,2.902972400188446045e-01
-8.813089132308959961e-02,9.547463059425354004e-01,-1.136762499809265137e+00,-2.778682708740234375e-01,2.227833122014999390e-01,-6.248269677162170410e-01,1.243867576122283936e-01,-2.218256294727325439e-01,-5.932520031929016113e-01,-6.842094063758850098e-01,1.189952731132507324e+00,-6.590777635574340820e-01,-2.058220654726028442e-01,9.932355284690856934e-01,-7.559748888015747070e-01,1.615751981735229492e+00,1.164557561278343201e-01,-4.050943255424499512e-01,9.609193205833435059e-01,-1.023231595754623413e-01,8.886334300041198730e-01,-2.481897473335266113e-01,2.436064928770065308e-01,1.079645752906799316e+00,9.649587869644165039e-01
9.950919747352600098e-01,-7.559636235237121582e-02,5.651655197143554688e-01,-1.252215802669525146e-01,-1.051896810531616211e+00,1.091339111328125000e+00,5.800599455833435059e-01,2.023035138845443726e-01,-5.748409032821655273e-01,-8.181671500205993652e-01,5.427641868591308594e-01,7.044998407363891602e-01,-1.861239224672317505e-01,-9.657017588615417480e-01,-4.823258817195892334e-01,-8.294554352760314941e-01,-1.748435348272323608e-01,-5.646682381629943848e-01,-4.968579113483428955e-01,7.669415473937988281e-01,5.786000490188598633e-01,-2.973840534687042236e-01,-6.576467752456665039e-01,-2.791134715080261230e-01,7.551040053367614746e-01
-3.547414541244506836e-01,-7.569156289100646973e-01,-7.290092110633850098e-02,-1.990629285573959351e-01,1.319275796413421631e-01,-4.830569028854370117e-01,4.987757205963134766e-01,7.951632142066955566e-02,6.974193453788757324e-01,-8.900116682052612305e-01,9.811245799064636230e-01,-1.126107126474380493e-01,-8.921727538108825684e-01,2.926679700613021851e-02,-1.432736366987228394e-01,-8.310095071792602539e-01,5.220776423811912537e-02,8.826363682746887207e-01,-6.054081320762634277e-01,-3.451361507177352905e-02,-2.430021017789840698e-01,-9.504092335700988770e-01,-1.447696387767791748e-01,2.808716893196105957e-01,-2.927414774894714355e-01
3.466931581497192383e-01,6.478902101516723633e-01,8.268567174673080444e-02,4.920608699321746826e-01,8.386492729187011719e-01,9.215238094329833984e-01,6.822133064270019531e-01,8.552279323339462280e-02,-5.448300242424011230e-01,-8.241499066352844238e-01,-8.393363952636718750e-01,1.739960536360740662e-02,-4.856903478503227234e-02,1.711208075284957886e-01,5.837403535842895508e-01,2.790557146072387695e-01,7.900829911231994629e-01,4.486652612686157227e-01,-5.002021789550781250e-01,8.748360872268676758e-01,-6.406649947166442871e-01,-7.905552983283996582e-01,-8.654439449310302734e-01,-3.619981706142425537e-01,3.255822136998176575e-02
-2.770369350910186768e-01,5.282163619995117188e-01,-7.140804529190063477e-01,6.400342583656311035e-01,5.085818767547607422e-01,-8.268762826919555664e-01,9.935473799705505371e-01,-2.382824420928955078e-01,-8.440124988555908203e-01,5.670705437660217285e-01,-8.356063961982727051e-01,-1.960891187191009521e-01,-8.252899646759033203e-01,-3.482843041419982910e-01,-2.980259358882904053e-01,7.197381258010864258e-01,-5.965726077556610107e-02,8.064868301153182983e-02,-6.961243152618408203e-01,2.670512795448303223e-01,5.451710224151611328e-01,-7.375759482383728027e-01,2.056757211685180664e-01,7.633336186408996582e-01,2.786419093608856201e-01
-3.722429648041725159e-02,9.194350242614746094e-01,-4.850317165255546570e-02,-1.440843287855386734e-02,-8.917956352233886719e-01,-6.510535478591918945e-01,-5.220408365130424500e-02,7.063764333724975586e-01,-7.955931425094604492e-01,4.878509342670440674e-01,-5.955424904823303223e-01,8.600830435752868652e-01,7.332195639610290527e-01,-2.342463284730911255e-01,9.312989562749862671e-02,9.482160210609436035e-01,-6.733455061912536621e-01,9.316062927246093750e-01,4.778082370758056641e-01,4.236315786838531494e-01,-8.747029900550842285e-01,-7.243096828460693359e-01,-6.668007373809814453e-01,6.198377609252929688e-01,7.076623439788818359e-01
8.144700527191162109e-01,-4.535491578280925751e-03,-2.857261896133422852e-01,8.358011841773986816e-01,-9.461861848831176758e-01,-7.421360611915588379e-01,-7.219105362892150879e-01,-6.721478104591369629e-01,-1.687899380922317505e-01,1.135871559381484985e-01,-8.375009298324584961e-01,-4.504562318325042725e-01,4.107588529586791992e-02,-8.112590312957763672e-01,-3.846252262592315674e-01,-4.782975837588310242e-02,-2.324998378753662109e-01,2.895821332931518555e-01,-8.663756251335144043e-01,-4.933314025402069092e-01,3.324385881423950195e-01,-4.312894046306610107e-01,-8.245228528976440430e-01,6.360872834920883179e-02,1.119260415434837341e-01
1.973429471254348755e-01,2.342677712440490723e-01,-1.287100464105606079e-01,-6.576999425888061523e-01,1.980150640010833740e-01,4.462452530860900879e-01,1.126098275184631348e+00,-1.157665252685546875e-01,-7.881484627723693848e-01,6.953059434890747070e-01,2.066047489643096924e-02,-9.006778895854949951e-02,8.154686093330383301e-01,5.644505843520164490e-02,-8.142999410629272461e-01,-3.322094380855560303e-01,-1.013515144586563110e-01,2.729335725307464600e-01,8.146464228630065918e-01,5.111593604087829590e-01,6.186906695365905762e-01,-7.821504026651382446e-02,2.207716405391693115e-01,1.038407385349273682e-01,6.633822917938232422e-01
4.434361308813095093e-02,-7.181996107101440430e-01,-5.325718522071838379e-01,-6.696466803550720215e-01,-5.179081559181213379e-01,-2.376351803541183472e-01,6.780115514993667603e-02,-3.636811673641204834e-01,-4.336512461304664612e-02,3.506318926811218262e-01,-4.714820086956024170e-01,-2.648208439350128174e-01,9.648135900497436523e-01,-3.134406805038452148e-01,2.508801519870758057e-01,-3.498758375644683838e-01,-9.194628000259399414e-01,-1.200973615050315857e-01,2.460054308176040649e-01,7.937682867050170898e-01,4.297492206096649170e-01,-6.578479409217834473e-01,-9.150193333625793457e-01,-3.992164731025695801e-01,4.488630592823028564e-01
8.328048139810562134e-02,7.226691842079162598e-01,4.942255467176437378e-02,4.747314751148223877e-01,1.513499319553375244e-01,3.069616258144378662e-01,8.291020393371582031e-01,-2.700278460979461670e-01,-6.705849170684814453e-01,-4.849680066108703613e-01,-3.024248778820037842e-01,-4.044827222824096680e-01,-1.049597561359405518e-01,-2.367078512907028198e-01,-5.087739229202270508e-01,-7.043075561523437500e-02,6.371343880891799927e-02,1.103850960731506348e+00,8.179704546928405762e-01,2.740096747875213623e-01,2.280814386904239655e-02,-8.114641904830932617e-01,9.637519717216491699e-01,8.112918585538864136e-02,-3.951620459556579590e-01
4.739550352096557617e-01,8.232693672180175781e-01,-4.909954369068145752e-01,9.011008739471435547e-01,2.323988527059555054e-01,1.516861766576766968e-01,-9.827298521995544434e-01,6.013265848159790039e-01,-9.547507166862487793e-01,8.288542032241821289e-01,7.847052216529846191e-01,5.162446498870849609e-01,-3.869364857673645020e-01,-4.417859017848968506e-01,-8.668594956398010254e-01,9.854145646095275879e-01,-6.003014445304870605e-01,-1.385744661092758179e-01,6.326471567153930664e-01,-2.128969728946685791e-01,9.313069581985473633e-01,-9.594174623489379883e-01,2.653554975986480713e-01,4.973943233489990234e-01,-3.030613064765930176e-01
6.460007280111312866e-02,3.258257806301116943e-01,7.711424231529235840e-01,9.364259839057922363e-01,-9.518406987190246582e-01,7.798729538917541504e-01,-9.711794853210449219e-01,-3.242236971855163574e-01,-8.592473715543746948e-02,2.473777234554290771e-01,6.365649104118347168e-01,-7.617711424827575684e-01,6.152272820472717285e-01,-5.595151782035827637e-01,-6.372545361518859863e-01,-6.488214135169982910e-01,3.189547657966613770e-01,-8.524628877639770508e-01,8.568268418312072754e-01,-7.354695796966552734e-01,-2.926692664623260498e-01,-7.636358141899108887e-01,-1.218244135379791260e-01,3.561897575855255127e-01,5.842010490596294403e-03
-1.934537440538406372e-01,-1.123039573431015015e-01,7.624785900115966797e-01,2.374168783426284790e-01,-4.452972710132598877e-01,1.008484289050102234e-01,-6.108126640319824219e-01,9.270721673965454102e-01,-1.958163380622863770e-01,5.956646203994750977e-01,-7.210794091224670410e-01,1.953791826963424683e-01,5.625793933868408203e-01,6.106102466583251953e-01,-1.228315662592649460e-02,3.496012985706329346e-01,-6.520792245864868164e-01,-1.789114177227020264e-01,-4.405797123908996582e-01,5.090944170951843262e-01,4.622395634651184082e-01,-7.795184850692749023e-01,3.594887852668762207e-01,5.430852174758911133e-01,5.586473941802978516e-01
7.954029440879821777e-01,4.377608597278594971e-01,8.591639995574951172e-01,-7.593625187873840332e-01,-2.273228578269481659e-02,-9.613238573074340820e-01,-4.439142942428588867e-01,9.161939620971679688e-01,4.115238189697265625e-01,-2.447260022163391113e-01,6.341492533683776855e-01,4.408495724201202393e-01,-5.964636206626892090e-01,1.974406391382217407e-01,6.600072979927062988e-01,9.527362585067749023e-01,6.305931210517883301e-01,-7.521648406982421875e-01,4.027685821056365967e-01,-4.760659337043762207e-01,-5.033363103866577148e-01,7.761663794517517090e-01,-3.069076240062713623e-01,-9.315787553787231445e-01,-7.196403145790100098e-01
5.517242550849914551e-01,5.935676097869873047e-01,-4.012347161769866943e-01,-5.169656276702880859e-01,2.174365073442459106e-01,5.064548850059509277e-01,-6.710553765296936035e-01,7.775378823280334473e-01,4.771895110607147217e-01,6.734784841537475586e-01,-6.668929457664489746e-01,4.255892336368560791e-02,2.271941453218460083e-01,8.973684906959533691e-01,6.762958765029907227e-01,6.415594816207885742e-01,-4.244418442249298096e-01,-7.042326927185058594e-01,-4.893021285533905029e-01,-8.764715790748596191e-01,-5.209923386573791504e-01,1.840277165174484253e-01,-3.721523880958557129e-01,4.521296322345733643e-01,-4.200829565525054932e-01
-4.231787919998168945e-01,-5.312994122505187988e-01,2.793165445327758789e-01,-9.273542165756225586e-01,4.239736124873161316e-02,-5.339666604995727539e-01,2.272110879421234131e-01,-8.408762812614440918e-01,-8.766641616821289062e-01,8.606808185577392578e-01,5.381432771682739258e-01,4.516921341419219971e-01,9.250923991203308105e-01,-2.935802340507507324e-01,5.202762484550476074e-01,7.296788692474365234e-01,6.360165476799011230e-01,3.468168675899505615e-01,4.017970860004425049e-01,-6.435192227363586426e-01,-8.049440383911132812e-01,9.666305780410766602e-01,2.542622685432434082e-01,-4.442794024944305420e-01,-6.704027652740478516e-01
4.839774072170257568e-01,-6.313086301088333130e-02,7.781919836997985840e-01,2.673679292201995850e-01,3.770679235458374023e-01,7.146577239036560059e-01,1.698697730898857117e-02,-3.059628307819366455e-01,4.937685132026672363e-01,-5.000958442687988281e-01,-1.590475738048553467e-01,1.176887974143028259e-01,9.481816887855529785e-01,-1.051430180668830872e-01,4.507961869239807129e-01,-2.367947548627853394e-01,8.519674539566040039e-01,-4.729502797126770020e-01,3.660930395126342773e-01,-5.568068027496337891e-01,-6.398668885231018066e-01,7.431068420410156250e-01,-6.449685692787170410e-01,6.066175699234008789e-01,7.862931489944458008e-01
1.505030393600463867e-01,-5.029516220092773438e-01,9.949843287467956543e-01,3.324852585792541504e-01,-5.081037878990173340e-01,9.892101883888244629e-01,-3.544050157070159912e-01,-1.226655244827270508e+00,-2.854480966925621033e-02,-1.305671334266662598e-01,1.586295217275619507e-01,5.914810299873352051e-01,-1.908832043409347534e-01,5.871770977973937988e-01,-2.658825814723968506e-01,1.040796160697937012e+00,-5.900861620903015137e-01,-6.666897535324096680e-01,-7.581675648689270020e-01,6.234166026115417480e-01,-1.285177469253540039e-01,-3.769193887710571289e-01,-6.246163845062255859e-01,-3.669342398643493652e-02,-2.366174608469009399e-01
8.484354615211486816e-01,-9.436776041984558105e-01,7.559177279472351074e-01,-1.036030650138854980e+00,-6.483102440834045410e-01,1.011612415313720703e+00,-9.018985629081726074e-01,4.429595079272985458e-03,5.527654662728309631e-03,-4.113771617412567139e-01,9.872050881385803223e-01,2.720315158367156982e-01,8.216602802276611328e-01,2.693761289119720459e-01,-6.527923345565795898e-01,7.261208295822143555e-01,-6.902238726615905762e-01,8.326408267021179199e-01,1.431564539670944214e-01,-5.749945044517517090e-01,-5.132102370262145996e-01,2.122903615236282349e-02,-3.962539136409759521e-01,-1.075347661972045898e+00,-8.896637558937072754e-01
3.721805214881896973e-01,-1.398497074842453003e-01,-2.147974371910095215e-01,-4.440351426601409912e-01,-6.773134469985961914e-01,-1.503288298845291138e-01,7.708787918090820312e-01,-2.687807083129882812e-01,5.344934463500976562e-01,-4.024685621261596680e-01,-6.894300132989883423e-02,-1.069307327270507812e+00,-2.487426847219467163e-01,9.661457538604736328e-01,3.520703613758087158e-01,-6.268814206123352051e-01,5.575549006462097168e-01,-9.883095026016235352e-01,-3.206395804882049561e-01,-4.984702467918395996e-01,-2.589122951030731201e-01,-9.102214872837066650e-02,1.440422087907791138e-01,3.091449141502380371e-01,-7.548564076423645020e-01
9.061331748962402344e-01,-6.248036026954650879e-02,-4.912126362323760986e-01,-5.395467206835746765e-02,6.182039529085159302e-02,3.796762824058532715e-01,-6.120465397834777832e-01,-2.033900320529937744e-01,-2.108702957630157471e-01,-6.725279092788696289e-01,6.702823042869567871e-01,-5.491951704025268555e-01,6.605418920516967773e-01,-8.456392288208007812e-01,2.469703257083892822e-01,1.704015880823135376e-01,-6.601595878601074219e-01,-5.967353582382202148e-01,-9.373157024383544922e-01,8.477903008460998535e-01,-2.922659814357757568e-01,-5.539316534996032715e-01,-5.357105135917663574e-01,1.553140878677368164e-01,5.049462318420410156e-01
2.230889163911342621e-02,5.966703295707702637e-01,-4.952238798141479492e-01,5.086326003074645996e-01,-7.724053859710693359e-01,-5.824305415153503418e-01,4.066289961338043213e-01,-2.827939987182617188e-01,6.430855989456176758e-01,1.278207153081893921e-01,1.387932598590850830e-01,1.734423339366912842e-01,-5.508242845535278320e-01,7.301101684570312500e-01,7.892286181449890137e-01,-9.942503273487091064e-02,6.673826575279235840e-01,6.299161911010742188e-01,1.071333289146423340e-01,4.727860689163208008e-01,4.018128812313079834e-01,5.746340155601501465e-01,2.253917604684829712e-01,-6.580389142036437988e-01,-6.933329701423645020e-01
-3.121182024478912354e-01,-6.898566484451293945e-01,-7.658658027648925781e-01,-6.863057017326354980e-01,-1.526606231927871704e-01,-1.455314010381698608e-01,-2.003194950520992279e-02,-8.980931043624877930e-01,-7.334712743759155273e-01,4.443055689334869385e-01,1.511223614215850830e-01,4.259207635186612606e-04,5.733893066644668579e-02,9.799385666847229004e-01,3.748403191566467285e-01,2.801792882382869720e-02,-9.290426373481750488e-01,7.917059063911437988e-01,2.430206686258316040e-01,6.030571460723876953e-01,6.813212037086486816e-01,-9.133093953132629395e-01,8.902896642684936523e-01,-9.082078933715820312e-01,1.090360283851623535e-01
4.512847363948822021e-01,6.857956051826477051e-01,4.448351263999938965e-01,-1.412802189588546753e-01,-4.007548391819000244e-01,-6.743566393852233887e-01,-4.966147243976593018e-01,4.201240241527557373e-01,2.623231410980224609e-01,-7.823834419250488281e-01,5.884375572204589844e-01,9.675358533859252930e-01,-9.734029322862625122e-02,6.488822698593139648e-01,-8.384657502174377441e-01,-4.515398144721984863e-01,2.391039729118347168e-01,6.278614401817321777e-01,1.066646933555603027e+00,-3.208469450473785400e-01,-5.836567282676696777e-01,-3.831531405448913574e-01,-4.379509687423706055e-01,-1.439920812845230103e-01,6.034446414560079575e-03
8.241973072290420532e-02,-1.187377125024795532e-01,-7.526845932006835938e-01,7.570156455039978027e-01,-3.273091046139597893e-03,-9.880487918853759766e-01,1.438474357128143311e-01,4.537861347198486328e-01,5.609859824180603027e-01,5.374541878700256348e-01,7.112284302711486816e-01,6.080632209777832031e-01,1.883487701416015625e-01,-7.371789216995239258e-01,2.188524752855300903e-01,8.793036341667175293e-01,-1.006272792816162109e+00,9.435458779335021973e-01,-4.850322008132934570e-01,9.506816416978836060e-02,1.162620186805725098e-01,1.221122503280639648e+00,7.780855894088745117e-02,1.010915279388427734e+00,-7.924228906631469727e-01
-7.172711491584777832e-01,1.339249461889266968e-01,4.111034572124481201e-01,-3.003289401531219482e-01,-1.193019300699234009e-01,7.395148873329162598e-01,9.936714172363281250e-01,-5.477768182754516602e-01,-8.393621444702148438e-01,5.717791318893432617e-01,-2.798038423061370850e-01,2.271075993776321411e-01,-2.562767267227172852e-01,-6.859548091888427734e-01,-6.742734313011169434e-01,3.024905622005462646e-01,-6.856634616851806641e-01,2.532994747161865234e-01,2.695012390613555908e-01,-3.665060549974441528e-02,6.063413023948669434e-01,8.671680092811584473e-01,-9.176924824714660645e-01,-3.065885603427886963e-01,-8.698323369026184082e-01
6.459954380989074707e-01,-7.956665158271789551e-01,-6.624308228492736816e-01,4.584181308746337891e-01,-6.402646899223327637e-01,-1.483678817749023438e-01,2.786248028278350830e-01,3.263119161128997803e-01,5.108617544174194336e-01,7.956349849700927734e-01,9.771449565887451172e-01,-1.063998490571975708e-01,5.107159614562988281e-01,-9.740903973579406738e-01,9.466096162796020508e-01,-5.565270185470581055e-01,-7.419134974479675293e-01,-7.618577480316162109e-01,-7.894498705863952637e-01,6.136057376861572266e-01,-7.741443067789077759e-02,-3.341293931007385254e-01,-7.177398800849914551e-01,9.553001523017883301e-01,-7.465126365423202515e-02
6.744879484176635742e-01,6.239768266677856445e-01,-4.926384985446929932e-01,6.040758490562438965e-01,-3.789240717887878418e-01,3.530372381210327148e-01,-5.624067187309265137e-01,5.132513642311096191e-01,8.938188552856445312e-01,-4.588700532913208008e-01,-6.065736524760723114e-03,4.798570871353149414e-01,-8.050868660211563110e-02,-8.158653974533081055e-01,2.966225147247314453e-01,3.836933672428131104e-01,8.579691052436828613e-01,2.089852839708328247e-02,6.624197363853454590e-01,-2.873940952122211456e-02,-8.124341964721679688e-01,2.630510330200195312e-01,-2.810024023056030273e-01,-1.793338656425476074e-01,7.914749979972839355e-01
4.280548095703125000e-01,-9.931975007057189941e-01,2.319526225328445435e-01,4.632040560245513916e-01,-6.395033746957778931e-02,4.316285550594329834e-01,2.765548527240753174e-01,-9.822682142257690430e-01,9.156520366668701172e-01,-9.464827775955200195e-01,-1.048611760139465332e+00,-7.132244110107421875e-01,-8.044393658638000488e-01,9.249289631843566895e-01,1.078758239746093750e+00,-5.586558580398559570e-01,-2.628948986530303955e-01,3.031511902809143066e-01,-1.521926820278167725e-01,5.844274759292602539e-01,-3.143974840641021729e-01,1.011359930038452148e+00,3.384676575660705566e-01,-1.532426923513412476e-01,7.606309652328491211e-01
-4.211987257003784180e-01,1.916340887546539307e-01,-3.496488332748413086e-01,5.896185040473937988e-01,-6.291865110397338867e-01,1.364909559488296509e-01,-7.780832797288894653e-02,-5.861184000968933105e-01,6.732643842697143555e-01,-1.031474709510803223e+00,1.166391819715499878e-01,-7.600621581077575684e-01,-7.617090940475463867e-01,-1.020694732666015625e+00,5.285481214523315430e-01,7.803900241851806641e-01,8.295127153396606445e-01,6.709204912185668945e-01,7.115537524223327637e-01,1.050655007362365723e+00,-6.186703443527221680e-01,2.777339518070220947e-01,4.044769331812858582e-02,-1.029446244239807129e+00,-6.780026853084564209e-02
-1.689848490059375763e-02,4.065298736095428467e-01,-8.583647012710571289e-01,6.236376166343688965e-01,-1.299334764480590820e-01,4.258414804935455322e-01,3.056747615337371826e-01,4.728300571441650391e-01,1.080264568328857422e+00,-7.509592771530151367e-01,-1.625921875238418579e-01,2.572069130837917328e-02,9.029631614685058594e-01,7.803182601928710938e-01,-2.795056402683258057e-01,-7.689982652664184570e-01,3.504988253116607666e-01,-8.038711547851562500e-01,-5.240495204925537109e-01,1.805690228939056396e-01,5.689510107040405273e-01,-8.259344100952148438e-01,-5.764475464820861816e-01,9.224992990493774414e-01,-2.272096695378422737e-03
-7.030680775642395020e-01,-3.895532190799713135e-01,3.104579746723175049e-01,-7.936348915100097656e-01,3.845345675945281982e-01,-5.402542948722839355e-01,1.051003485918045044e-01,-4.885862767696380615e-01,6.304447054862976074e-01,6.325691342353820801e-01,1.060621812939643860e-01,-7.859266996383666992e-01,-3.868104517459869385e-01,-4.772749245166778564e-01,3.980405032634735107e-01,-2.361936122179031372e-01,8.218977451324462891e-01,-2.933751642704010010e-01,-4.857582449913024902e-01,-7.252805233001708984e-01,7.654567360877990723e-01,-1.399043947458267212e-01,3.177194893360137939e-01,-5.686515569686889648e-01,4.239341244101524353e-02
-7.295295000076293945e-01,7.915610671043395996e-01,-6.466577053070068359e-01,1.082547545433044434e+00,-4.175288975238800049e-02,7.612559199333190918e-01,3.325522691011428833e-02,6.743988990783691406e-01,1.165346652269363403e-01,3.285583555698394775e-01,7.701864242553710938e-01,-5.174660086631774902e-01,-1.232861205935478210e-01,9.281165599822998047e-01,-6.203481554985046387e-01,-4.032681584358215332e-01,-3.478182554244995117e-01,-3.515752255916595459e-01,6.957867145538330078e-01,-7.036646008491516113e-01,-8.218129873275756836e-01,-1.724014729261398315e-01,8.332371711730957031e-01,8.994129896163940430e-01,-1.055012941360473633e+00
-6.654112339019775391e-01,-5.585402846336364746e-01,-7.777847051620483398e-01,-9.657204151153564453e-01,-2.060658670961856842e-02,6.890850663185119629e-01,6.978113651275634766e-01,3.127457201480865479e-01,2.188472598791122437e-01,-5.526338219642639160e-01,-9.033320546150207520e-01,3.859723731875419617e-02,7.849133759737014771e-02,3.272757530212402344e-01,5.138709545135498047e-01,-7.087927460670471191e-01,3.049233257770538330e-01,-8.133341073989868164e-01,-8.590021133422851562e-01,-2.620518803596496582e-01,-7.735707759857177734e-01,-3.114908039569854736e-01,-6.169257760047912598e-01,8.925024867057800293e-01,6.378385424613952637e-01
7.888941168785095215e-01,4.319975376129150391e-01,-9.180989861488342285e-02,4.707523882389068604e-01,-3.011401891708374023e-01,-2.272466272115707397e-01,6.573541760444641113e-01,1.012183446437120438e-02,-5.723672509193420410e-01,2.878915369510650635e-01,4.241477549076080322e-01,9.060007929801940918e-01,-1.765892505645751953e-01,-8.169979453086853027e-01,-5.234650969505310059e-01,-2.167678326368331909e-01,1.588727831840515137e-01,9.386633038520812988e-01,-1.318513900041580200e-01,9.945898056030273438e-01,-7.657927870750427246e-01,7.488071918487548828e-01,2.879947237670421600e-02,3.092827200889587402e-01,-2.273717671632766724e-01
-3.066093921661376953e-01,-1.809178739786148071e-01,7.032997012138366699e-01,3.060576021671295166e-01,6.285858899354934692e-02,2.724521458148956299e-01,3.294681310653686523e-01,2.096970826387405396e-01,1.071668386459350586e+00,-5.621760487556457520e-01,8.635836094617843628e-02,5.391440987586975098e-01,-8.020313978195190430e-01,8.751007914543151855e-01,2.661777138710021973e-01,-7.411311268806457520e-01,-8.170394599437713623e-02,-7.996364235877990723e-01,9.338386058807373047e-01,-5.586174130439758301e-01,-1.343486011028289795e-01,-7.896419763565063477e-01,1.000546336174011230e+00,-7.792670130729675293e-01,-7.352693676948547363e-01
-1.331923127174377441e+00,-1.445601940155029297e+00,6.327509284019470215e-01,-5.941962599754333496e-01,7.941337823867797852e-01,-8.442474007606506348e-01,-7.873248457908630371e-01,2.915985882282257080e-01,-1.111842036247253418e+00,3.148804605007171631e-01,-1.680828779935836792e-01,4.847509562969207764e-01,5.876654759049415588e-03,5.737091302871704102e-01,-3.447213768959045410e-01,1.208080053329467773e-01,1.081221103668212891e-01,-3.016885519027709961e-01,4.626219868659973145e-01,-9.327780604362487793e-01,-7.039613723754882812e-01,4.477130621671676636e-02,-7.683258056640625000e-01,2.546658515930175781e-01,-7.125475257635116577e-02
-7.753846049308776855e-02,-1.803232729434967041e-02,2.885743975639343262e-01,5.608732104301452637e-01,-6.310099363327026367e-01,1.215788200497627258e-01,6.966319680213928223e-01,5.899429917335510254e-01,-5.424861907958984375e-01,3.830678761005401611e-01,4.004178047180175781e-01,1.167449578642845154e-01,8.944039791822433472e-02,-6.414504647254943848e-01,-6.296175122261047363e-01,-1.292236596345901489e-01,-7.126886844635009766e-01,-7.610781192779541016e-01,5.319380760192871094e-01,2.845673859119415283e-01,3.795142471790313721e-01,5.473722890019416809e-02,-1.969074755907058716e-01,-4.369924068450927734e-01,-2.454381436109542847e-01
-7.798378169536590576e-02,1.362746834754943848e+00,8.615881204605102539e-01,-1.048446416854858398e+00,-1.017683148384094238e+00,-1.117171406745910645e+00,-1.001897096633911133e+00,-1.270291805267333984e+00,1.935591250658035278e-01,8.078998923301696777e-01,1.334183616563677788e-03,-9.638080596923828125e-01,-9.505144953727722168e-01,-8.176933526992797852e-01,1.354641318321228027e-01,-8.602081537246704102e-01,-1.028008103370666504e+00,-2.951073050498962402e-01,5.694073438644409180e-01,-1.479403018951416016e+00,1.158631563186645508e+00,-3.275365233421325684e-01,8.479567170143127441e-01,-2.856989502906799316e-01,-4.628661274909973145e-01
