-7.298259735107421875e-01,-5.718541145324707031e-01,4.433093070983886719e-01,3.367626667022705078e-01,-7.332777976989746094e-01,-4.457361698150634766e-01,-5.335471630096435547e-01,-1.820843219757080078e-01,-7.255730628967285156e-01,7.984519004821777344e-01,9.880371093750000000e-01,1.797063350677490234e-01,4.781475067138671875e-01,-2.638208866119384766e-01,2.371072769165039062e-02,2.572219371795654297e-01,-8.891034126281738281e-02,-8.904330730438232422e-01,-2.108051776885986328e-01,1.766505241394042969e-01,-8.286800384521484375e-01,-5.452675819396972656e-01,2.636590003967285156e-01,7.493107318878173828e-01,9.991502761840820312e-02
9.180414676666259766e-01,2.649745941162109375e-01,-1.253683567047119141e-01,2.824118137359619141e-01,-8.829317092895507812e-01,3.715186119079589844e-01,7.046203613281250000e-01,-9.264695644378662109e-01,-5.109634399414062500e-01,-9.592788219451904297e-01,-8.243033885955810547e-01,9.401431083679199219e-01,2.305417060852050781e-01,2.315375804901123047e-01,-9.169347286224365234e-01,6.966323852539062500e-01,9.839987754821777344e-02,1.535644531250000000e-01,-2.955889701843261719e-02,1.873645782470703125e-01,-4.332346916198730469e-01,7.549474239349365234e-01,3.993983268737792969e-01,-7.731506824493408203e-01,-1.943035125732421875e-01
3.092637062072753906e-01,-2.868418693542480469e-01,-2.466578483581542969e-01,-7.779629230499267578e-01,1.652576923370361328e-01,8.533554077148437500e-01,-1.937160491943359375e-01,4.142391681671142578e-01,-9.006326198577880859e-01,2.540116310119628906e-01,7.172751426696777344e-01,7.548155784606933594e-01,4.453630447387695312e-01,8.933887481689453125e-01,-5.366115570068359375e-01,-9.244472980499267578e-01,6.739780902862548828e-01,-5.628876686096191406e-01,-6.193988323211669922e-01,9.376971721649169922e-01,-4.511809349060058594e-01,6.685369014739990234e-01,3.395771980285644531e-01,7.179045677185058594e-01,-9.792335033416748047e-01
2.599754333496093750e-01,9.329791069030761719e-01,-7.455585002899169922e-01,7.247054576873779297e-01,-4.949772357940673828e-01,6.008512973785400391e-01,-1.511058807373046875e-01,-9.143028259277343750e-01,9.816923141479492188e-01,-2.351195812225341797e-01,-7.570278644561767578e-01,-4.570081233978271484e-01,-1.101889610290527344e-01,-9.723014831542968750e-01,6.047315597534179688e-01,1.615428924560546875e-01,-8.242161273956298828e-01,1.935584545135498047e-01,-5.324954986572265625e-01,-6.108059883117675781e-01,-5.848915576934814453e-01,5.505714416503906250e-01,-8.109445571899414062e-01,9.256520271301269531e-01,3.143861293792724609e-01
3.281040191650390625e-01,-2.310452461242675781e-01,8.004119396209716797e-01,-6.629598140716552734e-01,4.223010540008544922e-01,-2.016723155975341797e-01,-6.889278888702392578e-01,-8.064365386962890625e-01,-8.370518684387207031e-01,-3.395128250122070312e-02,-9.189081192016601562e-01,8.958108425140380859e-01,8.537337779998779297e-01,-9.307911396026611328e-01,8.933622837066650391e-01,-7.992415428161621094e-01,-6.099257469177246094e-01,-7.014913558959960938e-01,1.875755786895751953e-01,7.688894271850585938e-01,2.618210315704345703e-01,3.973701000213623047e-01,-6.506237983703613281e-01,2.574996948242187500e-01,9.393508434295654297e-01
-9.203734397888183594e-01,3.043289184570312500e-01,8.211135864257812500e-02,6.380152702331542969e-02,6.434566974639892578e-01,2.066645622253417969e-01,9.188570976257324219e-01,-1.085908412933349609e-01,-8.786940574645996094e-01,-6.096940040588378906e-01,7.872879505157470703e-01,-5.401420593261718750e-01,-2.848105430603027344e-01,-6.300163269042968750e-01,9.608025550842285156e-01,3.124759197235107422e-01,-1.979804039001464844e-02,7.067413330078125000e-01,-9.172418117523193359e-01,7.750756740570068359e-01,-2.239394187927246094e-01,-7.056756019592285156e-01,-7.500259876251220703e-01,8.449356555938720703e-01,-5.886709690093994141e-01
2.237253189086914062e-01,-6.936502456665039062e-02,1.193590164184570312e-01,7.221446037292480469e-01,4.762613773345947266e-01,2.778074741363525391e-01,-5.836935043334960938e-01,-9.874475002288818359e-01,2.481169700622558594e-01,-3.111178874969482422e-01,3.854737281799316406e-01,-4.591989517211914062e-02,-5.142478942871093750e-01,5.583040714263916016e-01,3.070223331451416016e-01,3.652870655059814453e-01,1.672277450561523438e-01,-7.135562896728515625e-01,-5.254590511322021484e-01,-4.211626052856445312e-01,-7.241630554199218750e-01,3.198862075805664062e-03,3.044712543487548828e-01,-6.460065841674804688e-01,8.928282260894775391e-01
9.488041400909423828e-01,3.799600601196289062e-01,7.224702835083007812e-02,-6.243321895599365234e-01,-1.428611278533935547e-01,-6.693823337554931641e-01,4.728014469146728516e-01,-4.581713676452636719e-02,-4.759097099304199219e-02,1.712169647216796875e-01,-1.303322315216064453e-01,-3.067736625671386719e-01,2.870981693267822266e-01,2.740793228149414062e-01,-3.363060951232910156e-01,3.148324489593505859e-01,-3.614747524261474609e-01,6.213757991790771484e-01,-2.570102214813232422e-01,3.170611858367919922e-01,-7.617239952087402344e-01,5.818159580230712891e-01,3.299114704132080078e-01,-4.256033897399902344e-02,-8.577640056610107422e-01
4.521298408508300781e-01,4.655241966247558594e-01,-3.888697624206542969e-01,2.609536647796630859e-01,7.454819679260253906e-01,8.173282146453857422e-01,7.105116844177246094e-01,-7.434630393981933594e-01,-8.259434700012207031e-01,-8.631546497344970703e-01,5.766754150390625000e-01,-3.749227523803710938e-02,5.699191093444824219e-01,-9.627993106842041016e-01,3.614253997802734375e-01,2.511596679687500000e-02,-9.503185749053955078e-01,-8.809509277343750000e-01,7.786424160003662109e-01,1.527309417724609375e-02,-7.217547893524169922e-01,-7.015876770019531250e-01,5.897893905639648438e-01,5.107288360595703125e-01,2.421910762786865234e-01
2.056384086608886719e-02,4.637408256530761719e-01,1.860003471374511719e-01,-3.258256912231445312e-01,5.166926383972167969e-01,5.424308776855468750e-01,9.877357482910156250e-01,-6.324863433837890625e-02,-3.986620903015136719e-01,-9.142339229583740234e-01,-1.626937389373779297e-01,6.702210903167724609e-01,5.846967697143554688e-01,9.416518211364746094e-01,2.335596084594726562e-01,1.449871063232421875e-02,-5.859165191650390625e-01,5.372977256774902344e-02,5.377485752105712891e-01,-4.365251064300537109e-01,-6.321170330047607422e-01,1.809892654418945312e-01,4.227495193481445312e-01,-2.033700942993164062e-01,-8.460271358489990234e-01
4.820137023925781250e-01,1.470160484313964844e-01,7.274086475372314453e-01,-9.919333457946777344e-01,5.565595626831054688e-02,-7.359566688537597656e-01,-6.142811775207519531e-01,-9.757821559906005859e-01,7.467873096466064453e-01,-2.535173892974853516e-01,-6.222064495086669922e-01,6.446962356567382812e-01,-9.889481067657470703e-01,8.239040374755859375e-01,-2.789211273193359375e-01,8.370423316955566406e-01,-2.594547271728515625e-01,2.956268787384033203e-01,-9.037668704986572266e-01,8.142151832580566406e-01,-3.068988323211669922e-01,1.369712352752685547e-01,-2.985198497772216797e-01,2.745018005371093750e-01,5.364487171173095703e-01
-2.444550991058349609e-01,-6.716721057891845703e-01,-2.117776870727539062e-01,4.404320716857910156e-01,-2.484750747680664062e-02,-2.945520877838134766e-01,3.120367527008056641e-01,4.946439266204833984e-01,4.758410453796386719e-01,-4.520027637481689453e-01,9.172940254211425781e-02,-8.784055709838867188e-02,-8.900265693664550781e-01,3.736188411712646484e-01,-5.446829795837402344e-01,-4.663803577423095703e-01,4.431245326995849609e-01,8.218898773193359375e-01,-1.115128993988037109e-01,6.618032455444335938e-01,-7.601840496063232422e-01,8.088459968566894531e-01,8.124580383300781250e-01,6.152796745300292969e-01,5.324542522430419922e-01
-1.929442882537841797e-01,4.548983573913574219e-01,3.052763938903808594e-01,7.736568450927734375e-01,-9.061436653137207031e-01,-9.868907928466796875e-02,9.095716476440429688e-02,-4.250125885009765625e-01,7.078180313110351562e-01,3.274302482604980469e-01,9.873254299163818359e-01,-7.862138748168945312e-02,4.928946495056152344e-02,5.878019332885742188e-02,-2.735748291015625000e-01,7.127561569213867188e-01,1.179404258728027344e-01,-5.816497802734375000e-01,-5.287501811981201172e-01,6.878273487091064453e-01,-4.288458824157714844e-02,-4.148902893066406250e-01,7.613158226013183594e-02,9.531993865966796875e-01,6.674089431762695312e-01
-7.231187820434570312e-02,-7.044148445129394531e-02,-5.548529624938964844e-01,-5.938339233398437500e-02,-3.994352817535400391e-01,-8.282458782196044922e-01,2.841627597808837891e-01,8.666865825653076172e-01,-4.535081386566162109e-01,-4.932513236999511719e-01,-9.240558147430419922e-01,4.027097225189208984e-01,5.554068088531494141e-01,9.261236190795898438e-01,7.186050415039062500e-01,9.259676933288574219e-02,-6.721944808959960938e-01,-6.751139163970947266e-01,7.445614337921142578e-01,-8.049802780151367188e-01,7.716400623321533203e-01,1.535189151763916016e-01,-9.024407863616943359e-01,8.224143981933593750e-01,1.228201389312744141e-01
-9.233269691467285156e-01,-5.391354560852050781e-01,2.910990715026855469e-01,-7.824974060058593750e-01,4.928979873657226562e-01,3.882179260253906250e-01,-3.948631286621093750e-01,7.092139720916748047e-01,-5.470445156097412109e-01,-2.682657241821289062e-01,7.783961296081542969e-02,-7.552785873413085938e-01,-6.996922492980957031e-01,1.634607315063476562e-01,-3.392984867095947266e-01,-8.405106067657470703e-01,6.138625144958496094e-01,2.324700355529785156e-02,-6.379802227020263672e-01,1.988461017608642578e-01,-9.122266769409179688e-01,-6.011753082275390625e-01,5.002412796020507812e-01,7.649757862091064453e-01,-9.087975025177001953e-01
9.913003444671630859e-01,-2.423555850982666016e-01,-9.309053421020507812e-02,-3.304367065429687500e-01,-6.993362903594970703e-01,-1.739549636840820312e-02,9.584629535675048828e-01,1.656055450439453125e-02,6.751818656921386719e-01,-9.713072776794433594e-01,2.283887863159179688e-01,7.093324661254882812e-01,3.597648143768310547e-01,6.046364307403564453e-01,-1.880116462707519531e-01,2.000846862792968750e-01,5.411419868469238281e-01,-9.645652770996093750e-01,-3.246352672576904297e-01,-5.870187282562255859e-01,2.788262367248535156e-01,-7.217035293579101562e-01,-3.859791755676269531e-01,-1.708512306213378906e-01,-4.537551403045654297e-01
4.022612571716308594e-01,8.718755245208740234e-01,8.224608898162841797e-01,-2.170372009277343750e-02,2.024350166320800781e-01,7.708601951599121094e-01,4.170048236846923828e-01,5.444259643554687500e-01,-3.285264968872070312e-01,-2.705523967742919922e-01,-7.620611190795898438e-01,2.928411960601806641e-01,-7.600679397583007812e-01,-5.799093246459960938e-01,-4.220378398895263672e-01,9.087042808532714844e-01,-2.225122451782226562e-01,-2.438547611236572266e-01,8.461325168609619141e-01,4.359173774719238281e-01,-3.236327171325683594e-01,-5.102038383483886719e-01,-5.005781650543212891e-01,-5.416131019592285156e-01,7.704279422760009766e-01
8.892285823822021484e-01,5.193209648132324219e-02,2.962169647216796875e-01,-3.552780151367187500e-01,4.867014884948730469e-01,-1.483500003814697266e-01,-7.166326045989990234e-01,3.244714736938476562e-01,4.629886150360107422e-01,8.113479614257812500e-02,-9.207744598388671875e-01,5.470621585845947266e-01,-9.418828487396240234e-01,4.556365013122558594e-01,-4.907443523406982422e-01,9.671101570129394531e-01,-4.676909446716308594e-01,9.065217971801757812e-01,3.449041843414306641e-01,-1.032319068908691406e-01,2.767806053161621094e-01,-8.228123188018798828e-01,8.875393867492675781e-01,-2.578077316284179688e-01,5.650129318237304688e-01
-5.466723442077636719e-01,-1.913268566131591797e-01,4.357993602752685547e-01,-1.887741088867187500e-01,-6.128337383270263672e-01,-3.279578685760498047e-01,5.976049900054931641e-01,-7.136087417602539062e-01,1.780400276184082031e-01,-1.346640586853027344e-01,4.296104907989501953e-01,5.208230018615722656e-02,-4.031610488891601562e-01,6.584858894348144531e-01,1.561446189880371094e-01,-8.565459251403808594e-01,4.565474987030029297e-01,-3.783559799194335938e-02,-4.894976615905761719e-01,-5.772876739501953125e-01,1.138663291931152344e-02,-8.192923069000244141e-01,3.358309268951416016e-01,-4.195079803466796875e-01,-5.488436222076416016e-01
-5.098114013671875000e-01,-3.061468601226806641e-01,7.321224212646484375e-01,6.567251682281494141e-01,1.750357151031494141e-01,6.677374839782714844e-01,-4.025161266326904297e-01,6.767892837524414062e-01,8.505225181579589844e-02,-5.268912315368652344e-01,-7.104673385620117188e-01,4.413285255432128906e-01,-3.026630878448486328e-01,-6.927447319030761719e-01,2.708156108856201172e-01,7.329559326171875000e-02,6.056797504425048828e-01,6.499097347259521484e-01,1.590504646301269531e-01,2.992095947265625000e-01,3.852522373199462891e-01,-6.731605529785156250e-01,8.816244602203369141e-01,-1.182343959808349609e-01,-3.400046825408935547e-01
-3.169403076171875000e-01,-3.098144531250000000e-01,-5.977907180786132812e-01,-5.388045310974121094e-01,6.628403663635253906e-01,-3.350436687469482422e-01,3.720114231109619141e-01,1.289312839508056641e-01,2.148125171661376953e-01,3.355660438537597656e-01,1.325366497039794922e-01,-4.156768321990966797e-01,7.782630920410156250e-01,4.973554611206054688e-01,6.353087425231933594e-01,-9.312868118286132812e-03,-1.019346714019775391e-01,1.391153335571289062e-01,-8.407261371612548828e-01,1.666617393493652344e-01,-3.131933212280273438e-01,7.036974430084228516e-01,-8.309776782989501953e-01,9.123473167419433594e-01,1.441099643707275391e-01
-2.888913154602050781e-01,4.308061599731445312e-01,6.038343906402587891e-01,9.014463424682617188e-02,2.107546329498291016e-01,7.847642898559570312e-02,1.309249401092529297e-01,6.364023685455322266e-01,9.815390110015869141e-01,5.100886821746826172e-01,-9.705400466918945312e-01,9.956500530242919922e-01,-6.346952915191650391e-01,6.455943584442138672e-01,6.962766647338867188e-01,8.102893829345703125e-01,-6.383326053619384766e-01,-4.116868972778320312e-02,2.806785106658935547e-01,4.188153743743896484e-01,-3.685116767883300781e-02,7.295944690704345703e-01,-8.326568603515625000e-01,-4.379839897155761719e-01,3.144557476043701172e-01
7.441353797912597656e-02,-4.250242710113525391e-01,3.469722270965576172e-01,-2.655313014984130859e-01,-5.982031822204589844e-01,3.840882778167724609e-01,4.200952053070068359e-01,4.604949951171875000e-01,8.197281360626220703e-01,6.670029163360595703e-01,-5.150518417358398438e-01,-5.442872047424316406e-01,-4.926280975341796875e-01,-6.999874114990234375e-01,-5.307769775390625000e-01,-7.991480827331542969e-02,-8.002424240112304688e-02,-4.447586536407470703e-01,3.896825313568115234e-01,-7.186245918273925781e-02,1.712381839752197266e-01,-4.769577980041503906e-01,6.866772174835205078e-01,5.113599300384521484e-01,-4.919731616973876953e-01
-3.998658657073974609e-01,9.976015090942382812e-01,-1.715435981750488281e-01,9.991717338562011719e-01,2.322535514831542969e-01,-5.452647209167480469e-01,3.447275161743164062e-01,-3.373239040374755859e-01,-3.381659984588623047e-01,-9.674718379974365234e-01,-4.049720764160156250e-01,2.531833648681640625e-01,-3.798918724060058594e-01,2.723610401153564453e-01,-8.700165748596191406e-01,2.180850505828857422e-01,2.972140312194824219e-01,6.058712005615234375e-01,2.343583106994628906e-01,2.544939517974853516e-01,-2.227566242218017578e-01,-6.509952545166015625e-01,-6.902973651885986328e-01,2.206797599792480469e-01,-9.023547172546386719e-02
-8.338232040405273438e-01,-8.992531299591064453e-01,-1.316449642181396484e-01,-3.648610115051269531e-01,6.441040039062500000e-01,-6.923840045928955078e-01,-8.541412353515625000e-01,-8.039276599884033203e-01,2.583713531494140625e-01,-3.433802127838134766e-01,-2.839474678039550781e-01,-5.344321727752685547e-01,-5.532641410827636719e-01,5.629246234893798828e-01,7.519383430480957031e-01,-8.198490142822265625e-01,-8.038952350616455078e-01,5.131971836090087891e-01,6.502823829650878906e-01,7.852745056152343750e-01,-4.429256916046142578e-01,6.269836425781250000e-02,-2.409243583679199219e-01,6.740176677703857422e-01,-6.901307106018066406e-01
-7.312016487121582031e-01,-7.032179832458496094e-02,-3.151175975799560547e-01,-5.984106063842773438e-01,-8.332960605621337891e-01,-4.229981899261474609e-01,-4.338545799255371094e-01,-8.182594776153564453e-01,6.116921901702880859e-01,5.372231006622314453e-01,-1.819605827331542969e-01,-4.882955551147460938e-01,3.681261539459228516e-01,9.872603416442871094e-01,8.189187049865722656e-01,5.677766799926757812e-01,-5.786638259887695312e-01,-5.168180465698242188e-01,-9.094738960266113281e-01,-4.917478561401367188e-02,7.995152473449707031e-02,2.380740642547607422e-01,-8.138201236724853516e-01,1.032490730285644531e-01,-3.868374824523925781e-01
-7.049627304077148438e-01,9.148066043853759766e-01,-2.144424915313720703e-01,8.254780769348144531e-01,-2.963142395019531250e-01,3.991477489471435547e-01,4.760100841522216797e-01,-1.049420833587646484e-01,2.453789710998535156e-01,-7.799897193908691406e-01,-6.372518539428710938e-01,4.694914817810058594e-01,-9.970958232879638672e-01,-8.858685493469238281e-01,3.281373977661132812e-01,-6.100995540618896484e-01,9.823129177093505859e-01,-9.144458770751953125e-01,-8.565535545349121094e-01,8.635487556457519531e-01,-1.707949638366699219e-01,-5.484049320220947266e-01,7.670741081237792969e-01,4.700193405151367188e-01,-8.435130119323730469e-01
4.494211673736572266e-01,1.362364292144775391e-01,5.691068172454833984e-01,-5.278768539428710938e-01,2.706952095031738281e-01,-5.373544692993164062e-01,-1.281971931457519531e-01,3.847169876098632812e-01,-2.439260482788085938e-02,-1.047797203063964844e-01,3.446798324584960938e-01,5.857274532318115234e-01,-3.355360031127929688e-01,2.214376926422119141e-01,5.514311790466308594e-02,-6.934001445770263672e-01,-1.968758106231689453e-01,7.998960018157958984e-01,7.034001350402832031e-01,-3.715808391571044922e-01,-6.834218502044677734e-01,3.980646133422851562e-01,-3.193259239196777344e-02,-9.664030075073242188e-01,5.178921222686767578e-01
-2.204520702362060547e-01,-3.074071407318115234e-01,-7.342505455017089844e-01,-8.762822151184082031e-01,9.025230407714843750e-01,5.193734169006347656e-01,-5.862760543823242188e-01,2.072529792785644531e-01,9.389922618865966797e-01,-4.890103340148925781e-01,-4.307637214660644531e-01,-9.242486953735351562e-02,-4.572784900665283203e-01,2.373480796813964844e-01,-6.640574932098388672e-01,-4.569911956787109375e-02,8.802509307861328125e-02,4.959168434143066406e-01,-9.052164554595947266e-01,5.761303901672363281e-01,-1.575696468353271484e-01,7.267513275146484375e-01,-4.714765548706054688e-01,8.248081207275390625e-01,-7.628417015075683594e-02
-8.047916889190673828e-01,-2.863299846649169922e-01,-1.974797248840332031e-02,9.801366329193115234e-01,5.915455818176269531e-01,1.507489681243896484e-01,8.211176395416259766e-01,-8.154084682464599609e-01,1.775395870208740234e-01,-2.581501007080078125e-01,-4.288020133972167969e-01,-5.597372055053710938e-01,9.549903869628906250e-01,6.878898143768310547e-01,-6.921792030334472656e-01,5.364925861358642578e-01,-7.161631584167480469e-01,8.974626064300537109e-01,-9.733040332794189453e-01,4.191827774047851562e-01,5.463888645172119141e-01,3.671283721923828125e-01,3.980207443237304688e-02,-2.340288162231445312e-01,6.977512836456298828e-01
-2.762680053710937500e-01,-2.794370651245117188e-01,1.930143833160400391e-01,-4.314131736755371094e-01,-2.821493148803710938e-02,8.165495395660400391e-01,3.442819118499755859e-01,1.173772811889648438e-01,2.057740688323974609e-01,2.180085182189941406e-01,-2.928421497344970703e-01,4.991908073425292969e-01,-5.201325416564941406e-01,-3.601841926574707031e-01,-2.723917961120605469e-01,2.465076446533203125e-01,4.920060634613037109e-01,-1.398162841796875000e-01,-7.987475395202636719e-01,-4.764981269836425781e-01,9.224760532379150391e-01,-9.105143547058105469e-01,-2.333424091339111328e-01,8.176872730255126953e-01,-1.412653923034667969e-01
-4.560856819152832031e-01,1.907348632812500000e-06,8.755903244018554688e-01,-6.816887855529785156e-01,-9.241416454315185547e-01,-1.997611522674560547e-01,2.169637680053710938e-01,-9.697146415710449219e-01,5.154221057891845703e-01,-4.937567710876464844e-01,2.805600166320800781e-01,-2.180590629577636719e-01,6.080958843231201172e-01,-7.092714309692382812e-03,4.311449527740478516e-01,-4.876396656036376953e-01,5.958611965179443359e-01,-1.065256595611572266e-01,3.813619613647460938e-01,4.019467830657958984e-01,1.448035240173339844e-02,-4.519784450531005859e-01,-8.734545707702636719e-01,-3.271634578704833984e-01,-4.178862571716308594e-01
7.928683757781982422e-01,-4.285926818847656250e-01,9.290523529052734375e-01,6.261615753173828125e-01,5.344781875610351562e-01,-9.576296806335449219e-01,9.806306362152099609e-01,8.365941047668457031e-02,8.947615623474121094e-01,2.250649929046630859e-01,-6.093540191650390625e-01,3.978979587554931641e-01,4.569399356842041016e-01,-2.955236434936523438e-01,5.111885070800781250e-02,2.081341743469238281e-01,5.565917491912841797e-01,8.480055332183837891e-01,-5.283966064453125000e-01,-3.208439350128173828e-01,8.900854587554931641e-01,4.791338443756103516e-01,-3.945007324218750000e-01,-3.759384155273437500e-02,5.543460845947265625e-01
-1.295249462127685547e-01,2.093613147735595703e-01,1.284222602844238281e-01,-8.171954154968261719e-01,9.481940269470214844e-01,5.781679153442382812e-01,8.225092887878417969e-01,4.730644226074218750e-01,6.438913345336914062e-01,2.463262081146240234e-01,-5.332350730895996094e-01,-3.719568252563476562e-03,-3.708229064941406250e-01,-6.693921089172363281e-01,8.830306529998779297e-01,8.890867233276367188e-02,-3.471503257751464844e-01,-8.511173725128173828e-01,-2.123417854309082031e-01,-7.665395736694335938e-02,-4.320600032806396484e-01,-9.876863956451416016e-01,-6.992332935333251953e-01,-8.912587165832519531e-02,-7.558364868164062500e-01
5.301978588104248047e-01,-7.184035778045654297e-01,-4.928922653198242188e-01,-2.868025302886962891e-01,-3.261597156524658203e-01,-4.901282787322998047e-01,-9.786553382873535156e-01,-9.680581092834472656e-02,6.276590824127197266e-01,-3.099181652069091797e-01,3.119544982910156250e-01,4.094643592834472656e-01,2.706372737884521484e-01,-4.862816333770751953e-01,5.598788261413574219e-01,-6.532194614410400391e-01,-1.055467128753662109e-01,8.083724975585937500e-02,-6.220250129699707031e-01,1.743195056915283203e-01,1.067252159118652344e-01,-2.299575805664062500e-01,6.713783740997314453e-01,-1.751670837402343750e-01,-7.827703952789306641e-01
-4.460337162017822266e-01,-4.349026679992675781e-01,-1.351308822631835938e-02,6.166682243347167969e-01,-8.161122798919677734e-01,-6.910738945007324219e-01,-1.027886867523193359e-01,9.901242256164550781e-01,8.573970794677734375e-01,-3.662233352661132812e-01,-5.663728713989257812e-02,-3.797764778137207031e-01,-4.958844184875488281e-02,-1.358940601348876953e-01,-2.069697380065917969e-01,1.927354335784912109e-01,4.315567016601562500e-01,-8.367705345153808594e-02,1.598277091979980469e-01,8.743886947631835938e-01,2.329969406127929688e-02,-5.202159881591796875e-01,5.789864063262939453e-01,2.689421176910400391e-01,-3.722395896911621094e-01
1.820454597473144531e-01,-4.201576709747314453e-01,5.690693855285644531e-02,-4.088439941406250000e-01,1.850037574768066406e-01,-4.564228057861328125e-01,-4.662644863128662109e-01,3.200778961181640625e-01,3.380050659179687500e-01,4.550280570983886719e-01,2.840597629547119141e-01,-7.518148422241210938e-01,2.199101448059082031e-02,-3.904781341552734375e-01,3.110899925231933594e-01,-4.442632198333740234e-01,9.143481254577636719e-01,8.199236392974853516e-01,-6.133096218109130859e-01,-5.325651168823242188e-01,4.703967571258544922e-01,8.683578968048095703e-01,8.360681533813476562e-01,2.666716575622558594e-01,-7.795026302337646484e-01
9.323408603668212891e-01,-1.095585823059082031e-01,-1.367757320404052734e-01,-8.316469192504882812e-01,-1.387426853179931641e-01,-9.739470481872558594e-02,7.809882164001464844e-01,9.593338966369628906e-01,-4.843721389770507812e-01,-6.409235000610351562e-01,7.962086200714111328e-01,-1.992256641387939453e-01,-9.640519618988037109e-01,8.789896965026855469e-02,-3.263344764709472656e-01,-5.549309253692626953e-01,-3.202326297760009766e-01,3.031184673309326172e-01,-1.784763336181640625e-01,-6.873729228973388672e-01,2.501337528228759766e-01,-6.656959056854248047e-01,-5.559897422790527344e-01,-4.122724533081054688e-01,-3.876254558563232422e-01
-5.996911525726318359e-01,4.048249721527099609e-01,-7.994310855865478516e-01,-5.232045650482177734e-01,8.182218074798583984e-01,4.173483848571777344e-01,8.930780887603759766e-01,2.176351547241210938e-01,3.259117603302001953e-01,-7.336189746856689453e-01,3.125264644622802734e-01,-9.565567970275878906e-01,6.470944881439208984e-01,3.869657516479492188e-01,-1.160585880279541016e-01,6.383585929870605469e-01,-7.363877296447753906e-01,8.396899700164794922e-01,8.334453105926513672e-01,-8.869364261627197266e-01,-2.015268802642822266e-01,1.027340888977050781e-01,-2.062084674835205078e-01,8.569078445434570312e-01,3.233404159545898438e-01
9.047701358795166016e-01,6.118216514587402344e-01,-7.318205833435058594e-01,-6.494715213775634766e-01,-7.773480415344238281e-01,-2.767920494079589844e-02,8.223977088928222656e-01,9.818124771118164062e-01,-6.392176151275634766e-01,-1.106591224670410156e-01,-2.831053733825683594e-02,-3.133058547973632812e-01,-2.847485542297363281e-01,2.526998519897460938e-01,4.502863883972167969e-01,2.978973388671875000e-01,7.777459621429443359e-01,5.792410373687744141e-01,6.174812316894531250e-01,-2.322793006896972656e-02,-3.302402496337890625e-01,-1.177957057952880859e-01,8.160533905029296875e-01,8.854818344116210938e-02,1.960153579711914062e-01
5.955355167388916016e-01,7.329604625701904297e-01,7.320792675018310547e-01,7.830131053924560547e-01,5.234341621398925781e-01,-4.233033657073974609e-01,-1.317830085754394531e-01,-1.854853630065917969e-01,6.119036674499511719e-02,-1.739239692687988281e-01,3.241822719573974609e-01,6.498935222625732422e-01,-8.103144168853759766e-01,-5.077681541442871094e-01,-7.286326885223388672e-01,5.145225524902343750e-01,4.928524494171142578e-01,-4.289715290069580078e-01,-6.106836795806884766e-01,-3.297843933105468750e-01,-5.155405998229980469e-01,8.540167808532714844e-01,-6.103994846343994141e-01,7.223367691040039062e-01,6.522994041442871094e-01
5.948362350463867188e-01,7.963140010833740234e-01,-9.854767322540283203e-01,-3.323600292205810547e-01,8.399224281311035156e-01,2.225151062011718750e-01,-9.215483665466308594e-01,2.030813694000244141e-01,5.469758510589599609e-01,2.848911285400390625e-02,-8.440978527069091797e-01,-3.912184238433837891e-01,2.717757225036621094e-01,-7.987926006317138672e-01,1.436901092529296875e-02,-8.502316474914550781e-02,5.272455215454101562e-01,5.067005157470703125e-01,9.845571517944335938e-01,-1.227846145629882812e-01,4.782824516296386719e-01,-6.530003547668457031e-01,-9.452450275421142578e-01,-4.949600696563720703e-01,8.177049160003662109e-01
2.260062694549560547e-01,8.597207069396972656e-01,-7.711014747619628906e-01,-8.237128257751464844e-01,6.049182415008544922e-01,-7.485127449035644531e-02,6.465194225311279297e-01,-5.532586574554443359e-01,-2.460505962371826172e-01,9.766168594360351562e-01,-2.593865394592285156e-01,7.332317829132080078e-01,3.704369068145751953e-01,9.763820171356201172e-01,4.097461700439453125e-01,-1.812577247619628906e-01,-7.926139831542968750e-01,3.108499050140380859e-01,-9.439065456390380859e-01,1.458470821380615234e-01,2.801201343536376953e-01,-5.785436630249023438e-01,4.719815254211425781e-01,2.014429569244384766e-01,5.903975963592529297e-01
1.358790397644042969e-01,-8.957045078277587891e-01,8.190324306488037109e-01,6.964635848999023438e-01,6.678857803344726562e-01,-9.967243671417236328e-01,-2.074911594390869141e-01,-3.227555751800537109e-01,-1.242690086364746094e-01,4.359321594238281250e-01,-2.213435173034667969e-01,-4.468607902526855469e-01,2.330074310302734375e-01,-3.186745643615722656e-01,7.863163948059082031e-02,-2.174248695373535156e-01,7.404522895812988281e-01,-7.730975151062011719e-01,1.138820648193359375e-01,-5.814840793609619141e-01,2.129590511322021484e-01,2.141487598419189453e-01,9.978263378143310547e-01,8.715987205505371094e-01,5.897281169891357422e-01
-1.594281196594238281e-02,-7.946403026580810547e-01,-2.948212623596191406e-02,8.529765605926513672e-01,2.035498619079589844e-02,-8.521459102630615234e-01,-5.591814517974853516e-01,-7.180471420288085938e-01,-1.584911346435546875e-01,9.903197288513183594e-01,-8.516731262207031250e-01,9.601824283599853516e-01,-7.929630279541015625e-01,-6.635293960571289062e-01,-1.536409854888916016e-01,-8.076989650726318359e-01,9.228587150573730469e-02,6.566247940063476562e-01,7.259802818298339844e-01,-9.785964488983154297e-01,2.337946891784667969e-01,-3.893182277679443359e-01,-5.736808776855468750e-01,9.137320518493652344e-02,-6.713900566101074219e-01
-3.188958168029785156e-01,2.231848239898681641e-01,5.792744159698486328e-01,6.840429306030273438e-01,9.060506820678710938e-01,2.875938415527343750e-01,-8.097271919250488281e-01,-2.884781360626220703e-01,9.700727462768554688e-01,8.379588127136230469e-01,-5.913131237030029297e-01,-8.586604595184326172e-01,1.852190494537353516e-01,5.140316486358642578e-01,4.116461277008056641e-01,1.404094696044921875e-02,-7.320425510406494141e-01,9.698009490966796875e-01,-9.709546566009521484e-01,6.125776767730712891e-01,-9.399507045745849609e-01,-6.561136245727539062e-01,1.677591800689697266e-01,4.363958835601806641e-01,8.904590606689453125e-01
-1.270909309387207031e-01,-4.626376628875732422e-01,-6.161477565765380859e-01,8.162541389465332031e-01,9.477307796478271484e-01,7.369999885559082031e-01,1.361575126647949219e-01,1.965456008911132812e-01,-3.593862056732177734e-01,-3.028173446655273438e-01,6.025381088256835938e-01,-3.958785533905029297e-01,-7.164902687072753906e-01,-1.970982551574707031e-02,-2.680301666259765625e-01,-1.922152042388916016e-01,-3.014588356018066406e-01,-6.207449436187744141e-01,-8.341562747955322266e-01,-8.330430984497070312e-01,5.981693267822265625e-01,-6.297922134399414062e-02,-9.147248268127441406e-01,-6.750121116638183594e-01,-3.436429500579833984e-01
8.998277187347412109e-01,-4.579985141754150391e-01,-4.762728214263916016e-01,6.976733207702636719e-01,1.028611660003662109e-01,-7.850348949432373047e-01,3.250727653503417969e-01,8.823401927947998047e-01,-4.740037918090820312e-01,-4.019773006439208984e-01,6.716339588165283203e-01,6.977148056030273438e-01,-8.889844417572021484e-01,-7.218618392944335938e-01,-4.809694290161132812e-01,-2.044892311096191406e-02,8.821055889129638672e-01,-1.944272518157958984e-01,-3.533098697662353516e-01,-2.506320476531982422e-01,-9.760785102844238281e-02,8.554344177246093750e-01,1.746888160705566406e-01,3.810358047485351562e-02,-3.905580043792724609e-01
2.610204219818115234e-01,3.304724693298339844e-01,9.504656791687011719e-01,-3.918254375457763672e-01,-7.223074436187744141e-01,-9.150528907775878906e-02,8.542010784149169922e-01,-2.386407852172851562e-01,-8.790850639343261719e-02,2.144000530242919922e-01,3.435366153717041016e-01,-6.921110153198242188e-01,6.755185127258300781e-01,2.593326568603515625e-01,-4.395980834960937500e-01,4.248499870300292969e-02,3.835294246673583984e-01,-9.574186801910400391e-01,-9.618306159973144531e-02,-6.565685272216796875e-01,-4.119338989257812500e-01,-3.489243984222412109e-01,-7.906978130340576172e-01,-3.472344875335693359e-01,1.376118659973144531e-01
5.742492675781250000e-01,-7.003140449523925781e-02,9.573111534118652344e-01,7.444465160369873047e-01,-4.969007968902587891e-01,6.284270286560058594e-01,-8.478207588195800781e-01,4.033162593841552734e-01,-5.448579788208007812e-01,3.931689262390136719e-02,-7.643764019012451172e-01,-8.809373378753662109e-01,9.596321582794189453e-01,3.448612689971923828e-01,-4.809336662292480469e-01,4.729776382446289062e-01,-1.950540542602539062e-01,2.343485355377197266e-01,8.353004455566406250e-01,-2.804253101348876953e-01,-3.401834964752197266e-01,7.573266029357910156e-01,6.820878982543945312e-01,6.939690113067626953e-01,-8.629505634307861328e-01
-5.530502796173095703e-01,-8.345382213592529297e-01,-8.456752300262451172e-01,-9.864249229431152344e-01,-5.442118644714355469e-02,4.482798576354980469e-01,-8.823390007019042969e-01,6.692287921905517578e-01,-4.741525650024414062e-02,-2.532737255096435547e-01,2.360389232635498047e-01,-3.628058433532714844e-01,-3.031485080718994141e-01,5.911879539489746094e-01,-2.643094062805175781e-01,-3.226213455200195312e-01,7.531702518463134766e-01,8.558123111724853516e-01,3.158977031707763672e-01,-5.131311416625976562e-01,-4.764938354492187500e-02,-1.081495285034179688e-01,-6.555080413818359375e-03,-9.818997383117675781e-01,9.989976882934570312e-03
-1.580238342285156250e-01,4.631009101867675781e-01,2.202517986297607422e-01,-5.106155872344970703e-01,-3.585386276245117188e-01,4.299445152282714844e-01,-4.605011940002441406e-01,-6.643676757812500000e-02,4.369940757751464844e-01,3.673293590545654297e-01,-7.204687595367431641e-01,3.606932163238525391e-01,9.609150886535644531e-02,6.896061897277832031e-01,-1.421155929565429688e-01,3.843936920166015625e-01,4.302303791046142578e-01,-5.380816459655761719e-01,6.126954555511474609e-01,-1.234388351440429688e-01,-5.927159786224365234e-01,-2.658455371856689453e-01,3.118350505828857422e-01,2.343196868896484375e-01,1.402487754821777344e-01
-1.580381393432617188e-01,1.681845188140869141e-01,8.605029582977294922e-01,-4.197573661804199219e-01,7.209634780883789062e-01,-5.412189960479736328e-01,-5.860068798065185547e-01,-7.767283916473388672e-01,7.935905456542968750e-01,-7.916901111602783203e-01,-1.269574165344238281e-01,-2.453682422637939453e-01,-3.165707588195800781e-01,-9.075284004211425781e-01,-2.348227500915527344e-01,-7.648897171020507812e-02,-1.447210311889648438e-01,5.583732128143310547e-01,-1.514422893524169922e-01,4.417357444763183594e-01,3.585324287414550781e-01,-9.168920516967773438e-01,-8.206701278686523438e-01,-3.122961521148681641e-01,-5.350089073181152344e-01
2.054522037506103516e-01,-3.950836658477783203e-01,6.544270515441894531e-01,-7.139585018157958984e-01,2.255747318267822266e-01,1.425504684448242188e-03,7.685880661010742188e-01,-9.646153450012207031e-01,6.303496360778808594e-01,-8.603725433349609375e-01,9.171419143676757812e-01,5.530364513397216797e-01,-1.507449150085449219e-02,-4.100639820098876953e-01,7.692887783050537109e-01,-1.099987030029296875e-01,5.346300601959228516e-01,1.531462669372558594e-01,-5.619280338287353516e-01,5.263006687164306641e-01,-6.990163326263427734e-01,1.975448131561279297e-01,-7.708880901336669922e-01,9.569540023803710938e-01,5.393087863922119141e-01
3.427784442901611328e-01,-3.895640373229980469e-01,4.364416599273681641e-01,-3.170576095581054688e-01,1.749110221862792969e-02,-3.084754943847656250e-02,-6.840395927429199219e-01,4.896490573883056641e-01,-5.706617832183837891e-01,2.581133842468261719e-01,-3.201723098754882812e-01,5.442442893981933594e-01,-9.304699897766113281e-01,-9.687352180480957031e-02,-3.356304168701171875e-01,9.414427280426025391e-01,1.702795028686523438e-01,7.899265289306640625e-01,4.912533760070800781e-01,-5.728909969329833984e-01,-9.721903800964355469e-01,-7.299211025238037109e-01,7.781469821929931641e-01,7.497954368591308594e-01,-6.358985900878906250e-01
-1.724147796630859375e-02,4.200224876403808594e-01,-6.632726192474365234e-01,3.415784835815429688e-01,-4.947409629821777344e-01,4.170279502868652344e-01,-8.768963813781738281e-01,6.739256381988525391e-01,-3.690595626831054688e-01,9.811546802520751953e-01,5.988552570343017578e-01,-4.780609607696533203e-01,4.647817611694335938e-01,3.388073444366455078e-01,-6.138055324554443359e-01,4.359979629516601562e-01,-2.845294475555419922e-01,6.478159427642822266e-01,-5.595469474792480469e-02,-1.995341777801513672e-01,9.814143180847167969e-01,9.117364883422851562e-01,9.323329925537109375e-01,-5.907618999481201172e-01,8.257968425750732422e-01
-5.604526996612548828e-01,5.298225879669189453e-01,-2.195172309875488281e-01,5.018224716186523438e-01,-2.296152114868164062e-01,4.924356937408447266e-01,-7.486584186553955078e-01,-6.510701179504394531e-01,5.008311271667480469e-01,1.622707843780517578e-01,7.902405261993408203e-01,-4.204413890838623047e-01,2.865273952484130859e-01,-7.537963390350341797e-01,-9.168574810028076172e-01,1.626229286193847656e-02,-7.155821323394775391e-01,6.244852542877197266e-01,-3.376171588897705078e-01,4.699490070343017578e-01,5.175845623016357422e-01,6.104540824890136719e-01,-6.241285800933837891e-01,3.113555908203125000e-02,1.152973175048828125e-01
-1.117520332336425781e-01,8.385207653045654297e-01,-8.310334682464599609e-01,7.054076194763183594e-01,-6.702251434326171875e-01,-8.224964141845703125e-03,4.828824996948242188e-01,-4.893212318420410156e-01,-6.717751026153564453e-01,3.356161117553710938e-01,4.280478954315185547e-01,4.825689792633056641e-01,-2.484226226806640625e-01,9.861602783203125000e-01,7.716894149780273438e-02,-9.059708118438720703e-01,-9.753170013427734375e-01,9.762740135192871094e-02,5.047597885131835938e-01,-1.603603363037109375e-03,1.087522506713867188e-02,2.865209579467773438e-01,-3.206489086151123047e-01,9.632642269134521484e-01,3.968188762664794922e-01
1.443028450012207031e-01,5.833585262298583984e-01,6.839845180511474609e-01,-9.089989662170410156e-01,-8.267123699188232422e-01,6.215748786926269531e-01,-2.502384185791015625e-01,-8.219273090362548828e-01,8.426613807678222656e-01,7.599632740020751953e-01,8.617701530456542969e-01,-4.075407981872558594e-01,1.060254573822021484e-01,-9.885406494140625000e-02,8.089659214019775391e-01,7.060241699218750000e-01,7.059600353240966797e-01,6.918904781341552734e-01,5.247936248779296875e-01,-2.212023735046386719e-01,7.365100383758544922e-01,3.698763847351074219e-01,8.484814167022705078e-01,4.336123466491699219e-01,-3.791530132293701172e-01
-2.921843528747558594e-01,-5.800657272338867188e-01,3.316833972930908203e-01,2.869966030120849609e-01,-2.658054828643798828e-01,8.413107395172119141e-01,-9.728884696960449219e-02,-6.860766410827636719e-01,-5.179991722106933594e-01,-1.147103309631347656e-01,-7.579126358032226562e-01,-2.268569469451904297e-01,1.052999496459960938e-01,4.659936428070068359e-01,-2.673788070678710938e-01,8.786811828613281250e-01,7.008531093597412109e-01,-7.211976051330566406e-01,8.726792335510253906e-01,5.827972888946533203e-01,-7.636191844940185547e-01,-2.116751670837402344e-02,2.124233245849609375e-01,3.153154850006103516e-01,6.466877460479736328e-01
7.967760562896728516e-01,1.549587249755859375e-01,2.142879962921142578e-01,-8.178398609161376953e-01,5.677268505096435547e-01,3.418312072753906250e-01,-5.619740486145019531e-01,9.635448455810546875e-01,3.586902618408203125e-01,-6.114246845245361328e-01,1.100747585296630859e-01,-3.245153427124023438e-01,7.442231178283691406e-01,7.481570243835449219e-01,-2.201352119445800781e-01,9.875268936157226562e-01,-3.949487209320068359e-01,-4.020857810974121094e-01,3.837032318115234375e-01,9.002201557159423828e-01,-9.946296215057373047e-01,7.974114418029785156e-01,3.158788681030273438e-01,-8.361444473266601562e-01,2.282946109771728516e-01
-9.893944263458251953e-01,8.796694278717041016e-01,-5.344212055206298828e-01,-4.424691200256347656e-02,3.663942813873291016e-01,-6.260907649993896484e-01,-5.706901550292968750e-01,-2.951931953430175781e-01,-2.844436168670654297e-01,-9.562847614288330078e-01,-7.405920028686523438e-01,1.684491634368896484e-01,-3.075935840606689453e-01,-3.044915199279785156e-02,-5.179591178894042969e-01,6.493079662322998047e-01,4.625494480133056641e-01,7.626488208770751953e-01,-2.092404365539550781e-01,9.713757038116455078e-01,5.998928546905517578e-01,-4.620599746704101562e-01,6.726980209350585938e-02,-4.725208282470703125e-01,-6.993370056152343750e-01
-1.507937908172607422e-01,-7.999467849731445312e-02,-3.493089675903320312e-01,-7.239763736724853516e-01,-8.512387275695800781e-01,-5.387687683105468750e-01,7.861051559448242188e-01,-3.035526275634765625e-01,-4.653451442718505859e-01,-5.078959465026855469e-01,5.752239227294921875e-01,-7.585129737854003906e-01,-7.211303710937500000e-02,8.771188259124755859e-01,3.852322101593017578e-01,5.537137985229492188e-01,-9.584887027740478516e-01,7.848978042602539062e-02,-9.103019237518310547e-01,8.568363189697265625e-01,5.687060356140136719e-01,8.330013751983642578e-01,-8.244204521179199219e-01,5.007405281066894531e-01,6.322920322418212891e-01
-2.816927433013916016e-01,-9.914238452911376953e-01,4.761052131652832031e-02,-6.915111541748046875e-01,-2.769684791564941406e-02,9.145581722259521484e-01,-6.349565982818603516e-01,-8.189065456390380859e-01,-6.806871891021728516e-01,-1.744914054870605469e-01,-2.544624805450439453e-01,-4.504377841949462891e-01,-4.062049388885498047e-01,8.336815834045410156e-01,-6.252493858337402344e-01,-2.706828117370605469e-01,1.476252079010009766e-01,2.352461814880371094e-01,-9.737865924835205078e-01,8.058297634124755859e-01,5.108237266540527344e-01,4.286677837371826172e-01,9.547781944274902344e-01,-1.429727077484130859e-01,-2.838063240051269531e-01
9.504795074462890625e-02,6.997261047363281250e-01,8.222661018371582031e-01,-1.381084918975830078e-01,3.772444725036621094e-01,-8.001182079315185547e-01,6.691002845764160156e-01,-3.490860462188720703e-01,-5.481896400451660156e-01,5.046477317810058594e-01,6.022200584411621094e-01,-8.133888244628906250e-01,-6.424674987792968750e-01,3.579630851745605469e-01,4.656174182891845703e-01,-7.071704864501953125e-01,7.970290184020996094e-01,-1.766817569732666016e-01,8.926110267639160156e-01,-7.581739425659179688e-01,2.762012481689453125e-01,-1.838927268981933594e-01,8.605837821960449219e-01,7.429986000061035156e-01,5.205271244049072266e-01
-6.028091907501220703e-01,2.038156986236572266e-01,7.797124385833740234e-01,-1.410741806030273438e-01,4.349329471588134766e-01,9.059588909149169922e-01,-6.773946285247802734e-01,-8.391685485839843750e-01,-9.867870807647705078e-01,-5.059313774108886719e-01,-9.875776767730712891e-01,-5.925257205963134766e-01,-6.150434017181396484e-01,-7.113747596740722656e-01,-2.079987525939941406e-02,-1.102328300476074219e-01,-6.713924407958984375e-01,7.910573482513427734e-01,-3.154668807983398438e-01,2.490990161895751953e-01,7.127444744110107422e-01,-5.458810329437255859e-01,-5.335214138031005859e-01,2.961843013763427734e-01,4.569602012634277344e-02
4.062492847442626953e-01,-4.989709854125976562e-01,6.605505943298339844e-01,-1.828653812408447266e-01,5.306854248046875000e-01,-8.141443729400634766e-01,-1.725168228149414062e-01,8.490612506866455078e-01,-8.523235321044921875e-01,-8.599941730499267578e-01,8.525974750518798828e-01,-1.732566356658935547e-01,-3.878734111785888672e-01,-9.192211627960205078e-01,-1.480667591094970703e-01,-9.950850009918212891e-01,-8.367261886596679688e-01,-8.723828792572021484e-01,6.057288646697998047e-01,-5.787174701690673828e-01,-3.662066459655761719e-01,3.360631465911865234e-01,-3.122529983520507812e-01,7.139296531677246094e-01,-2.956373691558837891e-01
-5.422997474670410156e-02,9.974155426025390625e-01,-5.460381507873535156e-02,8.014128208160400391e-01,4.946665763854980469e-01,7.088518142700195312e-01,-5.340535640716552734e-01,-5.800402164459228516e-01,7.447366714477539062e-01,4.232258796691894531e-01,8.299729824066162109e-01,1.840434074401855469e-01,-3.051805496215820312e-01,-9.131228923797607422e-01,-2.887749671936035156e-01,-7.849357128143310547e-01,-4.174494743347167969e-02,-8.294057846069335938e-02,-1.496481895446777344e-02,3.333582878112792969e-01,-7.332909107208251953e-01,4.377729892730712891e-01,-2.715559005737304688e-01,5.355942249298095703e-01,-6.900312900543212891e-01
-6.764466762542724609e-01,-9.680147171020507812e-01,6.760737895965576172e-01,3.934850692749023438e-01,-9.488210678100585938e-01,-1.199173927307128906e-01,-4.954702854156494141e-01,6.047809123992919922e-01,-4.216325283050537109e-01,4.385955333709716797e-01,1.601548194885253906e-01,5.782172679901123047e-01,-2.943305969238281250e-01,-9.856429100036621094e-01,5.217010974884033203e-01,9.422082901000976562e-01,5.098171234130859375e-01,1.582722663879394531e-01,-1.731474399566650391e-01,1.132259368896484375e-01,-2.988886833190917969e-01,3.010017871856689453e-01,7.045435905456542969e-02,-8.919456005096435547e-01,-4.314138889312744141e-01
4.812533855438232422e-01,6.518840789794921875e-01,-1.676931381225585938e-01,-9.637668132781982422e-01,1.230964660644531250e-01,-3.608887195587158203e-01,3.669013977050781250e-01,3.944599628448486328e-01,3.609824180603027344e-01,-9.429361820220947266e-01,-3.676931858062744141e-01,-6.015093326568603516e-01,1.188879013061523438e-01,-3.904974460601806641e-01,4.846715927124023438e-02,-4.726305007934570312e-01,3.461980819702148438e-02,-8.541688919067382812e-01,-7.871828079223632812e-01,6.159532070159912109e-01,-9.655783176422119141e-01,6.468091011047363281e-01,-3.824205398559570312e-01,1.395814418792724609e-01,-8.223700523376464844e-01
-9.533748626708984375e-01,-3.246462345123291016e-01,5.245804786682128906e-01,-1.637833118438720703e-01,-3.279757499694824219e-02,3.563308715820312500e-01,-5.990285873413085938e-01,-9.804978370666503906e-01,2.817561626434326172e-01,-8.741204738616943359e-01,-3.880159854888916016e-01,-8.846521377563476562e-01,2.636246681213378906e-01,6.806986331939697266e-01,-2.232966423034667969e-01,2.821187973022460938e-01,-4.328398704528808594e-01,5.169708728790283203e-01,9.850690364837646484e-01,6.105978488922119141e-01,5.528712272644042969e-02,7.351970672607421875e-01,3.995926380157470703e-01,5.785143375396728516e-01,5.534985065460205078e-01
-7.537000179290771484e-01,-3.855764865875244141e-01,-9.931488037109375000e-01,4.937837123870849609e-01,9.431111812591552734e-01,5.973062515258789062e-01,5.326330661773681641e-01,1.685047149658203125e-02,-7.533614635467529297e-01,5.596373081207275391e-01,-9.948949813842773438e-01,6.812357902526855469e-02,-9.821519851684570312e-01,7.014124393463134766e-01,-8.162527084350585938e-01,-8.130760192871093750e-01,-2.752785682678222656e-01,-1.330244541168212891e-01,-8.379504680633544922e-01,-5.519101619720458984e-01,-4.054086208343505859e-01,2.724444866180419922e-01,-2.762596607208251953e-01,1.051316261291503906e-01,-6.971507072448730469e-01
-2.347474098205566406e-01,2.833740711212158203e-01,-2.536716461181640625e-01,9.400143623352050781e-01,-9.992737770080566406e-01,9.932558536529541016e-01,-2.557671070098876953e-01,5.078957080841064453e-01,3.593664169311523438e-01,-4.869797229766845703e-01,5.141949653625488281e-02,-1.785993576049804688e-02,1.616396903991699219e-01,7.053651809692382812e-01,-1.459143161773681641e-01,-4.961524009704589844e-01,4.862945079803466797e-01,9.163260459899902344e-02,-1.136474609375000000e-01,-5.798535346984863281e-01,-5.797863006591796875e-03,-7.621939182281494141e-01,9.481930732727050781e-02,-5.392019748687744141e-01,6.079182624816894531e-01
-2.740364074707031250e-01,-1.133370399475097656e-01,7.052855491638183594e-01,8.525006771087646484e-01,3.646297454833984375e-01,3.078467845916748047e-01,-2.967417240142822266e-01,-9.531512260437011719e-01,8.218979835510253906e-02,-7.608015537261962891e-01,-5.333185195922851562e-02,6.324026584625244141e-01,4.612126350402832031e-01,-6.812345981597900391e-01,-2.421033382415771484e-01,-1.695029735565185547e-01,5.845551490783691406e-01,7.921929359436035156e-01,2.320222854614257812e-01,7.502241134643554688e-01,-5.664103031158447266e-01,-6.027081012725830078e-01,-3.523306846618652344e-01,-5.180487632751464844e-01,-3.999648094177246094e-01
-3.640110492706298828e-01,-7.157316207885742188e-01,9.069569110870361328e-01,4.771184921264648438e-01,9.313232898712158203e-01,-1.429185867309570312e-01,-5.332491397857666016e-01,7.089543342590332031e-01,2.066307067871093750e-01,-2.654266357421875000e-02,-8.165512084960937500e-01,5.621778964996337891e-01,5.990874767303466797e-01,-4.401624202728271484e-01,-4.588389396667480469e-01,6.431031227111816406e-01,-9.881377220153808594e-02,1.483082771301269531e-01,9.626259803771972656e-01,-1.893491744995117188e-01,-6.651551723480224609e-01,-5.407004356384277344e-01,4.156084060668945312e-01,6.076548099517822266e-01,8.044984340667724609e-01
-4.242434501647949219e-01,-4.753291606903076172e-01,5.704388618469238281e-01,-2.878594398498535156e-01,8.055868148803710938e-01,2.110974788665771484e-01,4.295182228088378906e-01,5.294716358184814453e-01,4.171800613403320312e-01,1.120784282684326172e-01,7.001287937164306641e-01,-3.313755989074707031e-01,-7.968008518218994141e-01,4.286472797393798828e-01,-5.506091117858886719e-01,-6.658444404602050781e-01,8.802399635314941406e-01,-2.844200134277343750e-01,-5.036795139312744141e-01,-7.303290367126464844e-01,1.159763336181640625e-02,-1.382310390472412109e-01,-5.850954055786132812e-01,6.243848800659179688e-01,6.083467006683349609e-01
4.180059432983398438e-01,8.909282684326171875e-01,9.927914142608642578e-01,4.914150238037109375e-01,-9.400949478149414062e-01,9.821362495422363281e-01,6.049802303314208984e-01,2.488040924072265625e-02,-4.605667591094970703e-01,-2.957704067230224609e-01,-6.489307880401611328e-01,3.792238235473632812e-01,3.397297859191894531e-02,-6.311981678009033203e-01,3.288500308990478516e-01,6.460258960723876953e-01,3.654563426971435547e-01,7.758245468139648438e-01,9.310677051544189453e-01,8.433628082275390625e-02,2.390880584716796875e-01,6.933829784393310547e-01,-9.440741539001464844e-01,-6.355664730072021484e-01,7.915871143341064453e-01
-6.871330738067626953e-01,-1.437747478485107422e-01,2.106757164001464844e-01,6.120536327362060547e-01,8.051421642303466797e-01,-8.935468196868896484e-01,5.259180068969726562e-01,-8.304040431976318359e-01,-3.396487236022949219e-02,-5.150508880615234375e-02,-7.349948883056640625e-01,7.769584655761718750e-02,-1.784188747406005859e-01,2.687849998474121094e-01,-7.790777683258056641e-01,9.896106719970703125e-01,1.745638847351074219e-01,-2.797896862030029297e-01,-2.679896354675292969e-02,-3.861579895019531250e-01,-4.469141960144042969e-01,7.314035892486572266e-01,1.870663166046142578e-01,-5.437309741973876953e-01,1.634945869445800781e-01
-8.903195858001708984e-01,9.956717491149902344e-01,3.549530506134033203e-01,5.928564071655273438e-01,6.311080455780029297e-01,3.566722869873046875e-01,4.665312767028808594e-01,-5.457496643066406250e-02,1.102809906005859375e-01,9.864439964294433594e-01,1.246106624603271484e-01,-8.087751865386962891e-01,8.754694461822509766e-01,-8.459439277648925781e-01,-5.621995925903320312e-01,3.401629924774169922e-01,-1.611447334289550781e-02,8.822886943817138672e-01,-9.757051467895507812e-01,-8.099918365478515625e-01,-5.158450603485107422e-01,-4.254863262176513672e-01,8.101782798767089844e-01,1.170673370361328125e-01,4.838526248931884766e-01
5.778350830078125000e-01,-6.058197021484375000e-01,5.700719356536865234e-01,-1.433308124542236328e-01,-3.765351772308349609e-01,-1.080307960510253906e-01,-8.898046016693115234e-01,7.342803478240966797e-01,-6.538741588592529297e-01,-1.711869239807128906e-01,-2.231466770172119141e-01,-1.463708877563476562e-01,-4.735853672027587891e-01,-3.905842304229736328e-01,-7.926080226898193359e-01,2.939212322235107422e-01,-8.511087894439697266e-01,-5.997283458709716797e-01,-6.482589244842529297e-01,-7.581858634948730469e-01,-5.513198375701904297e-01,3.515655994415283203e-01,6.704969406127929688e-01,-4.618406295776367188e-01,4.125072956085205078e-01
-7.639231681823730469e-01,6.351222991943359375e-01,3.636534214019775391e-01,-3.132376670837402344e-01,6.854033470153808594e-01,-9.594275951385498047e-01,-1.109063625335693359e-01,5.311684608459472656e-01,-3.023552894592285156e-01,-9.261693954467773438e-01,-6.460480690002441406e-01,-9.984040260314941406e-01,-2.748372554779052734e-01,-7.133405208587646484e-01,-1.534192562103271484e-01,-2.541828155517578125e-01,7.389638423919677734e-01,4.544949531555175781e-02,-9.251630306243896484e-01,-8.095717430114746094e-02,2.531361579895019531e-01,-5.321259498596191406e-01,4.967451095581054688e-03,2.628824710845947266e-01,-5.251533985137939453e-01
3.935575485229492188e-02,6.746292114257812500e-03,-4.837508201599121094e-01,-3.950381278991699219e-01,2.460634708404541016e-01,-1.162099838256835938e-01,-3.932023048400878906e-01,-6.757979393005371094e-01,5.018200874328613281e-01,2.613084316253662109e-01,2.592544555664062500e-01,9.752607345581054688e-02,4.189183712005615234e-01,7.877449989318847656e-01,-7.532138824462890625e-01,7.719433307647705078e-01,-7.163913249969482422e-01,-5.904853343963623047e-01,9.101324081420898438e-01,3.514168262481689453e-01,2.849230766296386719e-01,-6.652226448059082031e-01,3.291742801666259766e-01,-1.915850639343261719e-01,-8.000264167785644531e-01
2.177534103393554688e-01,-7.959561347961425781e-01,4.852602481842041016e-01,-4.278106689453125000e-01,7.997951507568359375e-01,5.586440563201904297e-01,-2.333672046661376953e-01,-3.478183746337890625e-01,-6.452651023864746094e-01,5.679800510406494141e-01,3.869802951812744141e-01,-1.298990249633789062e-01,9.303586483001708984e-01,-1.967422962188720703e-01,-9.877612590789794922e-01,-1.174404621124267578e-01,8.867835998535156250e-01,-1.861367225646972656e-01,1.299881935119628906e-02,-1.674339771270751953e-01,7.556838989257812500e-01,3.243207931518554688e-03,8.755826950073242188e-01,9.758846759796142578e-01,-6.592018604278564453e-01
9.155607223510742188e-02,1.789600849151611328e-01,6.134843826293945312e-01,-3.320291042327880859e-01,7.618694305419921875e-01,5.265321731567382812e-01,-1.215479373931884766e-01,7.996811866760253906e-01,-2.009654045104980469e-02,-4.231371879577636719e-01,9.348156452178955078e-01,-3.626585006713867188e-01,5.248987674713134766e-01,-3.362314701080322266e-01,8.849062919616699219e-01,4.779362678527832031e-02,3.268933296203613281e-02,-7.881000041961669922e-01,2.294576168060302734e-01,-7.430920600891113281e-01,8.589768409729003906e-01,2.413487434387207031e-02,4.196214675903320312e-02,-9.338808059692382812e-02,1.086685657501220703e-01
4.709241390228271484e-01,-9.427561759948730469e-01,-1.765327453613281250e-01,-2.301368713378906250e-01,8.644258975982666016e-01,-1.461105346679687500e-01,3.387327194213867188e-01,5.912158489227294922e-01,1.331114768981933594e-01,-1.546137332916259766e-01,3.010110855102539062e-01,-8.810710906982421875e-02,5.737042427062988281e-02,2.081065177917480469e-01,3.015909194946289062e-01,7.966210842132568359e-01,-7.718007564544677734e-01,1.493284702301025391e-01,6.333184242248535156e-02,-1.086692810058593750e-01,-3.668606281280517578e-01,-6.754341125488281250e-01,9.615216255187988281e-01,1.054830551147460938e-01,-2.114379405975341797e-01
8.404953479766845703e-01,-9.110636711120605469e-01,-9.867281913757324219e-01,-6.285903453826904297e-01,7.955026626586914062e-01,-9.241688251495361328e-01,8.794624805450439453e-01,-1.808300018310546875e-01,7.545084953308105469e-01,5.579757690429687500e-01,1.587009429931640625e-01,-1.793656349182128906e-01,-8.284330368041992188e-03,4.225037097930908203e-01,-6.338293552398681641e-01,-1.315138339996337891e-01,-5.745100975036621094e-02,-1.603863239288330078e-01,3.850364685058593750e-02,8.842628002166748047e-01,5.992376804351806641e-01,7.135729789733886719e-01,4.919605255126953125e-01,2.630982398986816406e-01,-3.363206386566162109e-01
-1.652712821960449219e-01,-8.246078491210937500e-01,-3.875553607940673828e-01,-7.176787853240966797e-01,-7.413642406463623047e-01,-4.629359245300292969e-01,8.854100704193115234e-01,3.800339698791503906e-01,5.339362621307373047e-01,9.561038017272949219e-01,4.242236614227294922e-01,1.989231109619140625e-01,-3.470058441162109375e-01,-1.163618564605712891e-01,-2.767860889434814453e-01,-1.306118965148925781e-01,2.294323444366455078e-01,4.399263858795166016e-01,-7.215075492858886719e-01,4.897851943969726562e-01,-4.624915122985839844e-01,9.656267166137695312e-01,9.347319602966308594e-02,-1.945538520812988281e-01,2.683758735656738281e-02
-3.260939121246337891e-01,-2.563247680664062500e-01,9.009926319122314453e-01,2.935504913330078125e-02,-1.395313739776611328e-01,1.255435943603515625e-01,-9.603033065795898438e-01,4.526352882385253906e-02,4.277389049530029297e-01,-5.967626571655273438e-01,-2.037789821624755859e-01,9.008893966674804688e-01,-6.470813751220703125e-01,8.237056732177734375e-01,-2.389278411865234375e-01,5.970861911773681641e-01,5.978593826293945312e-01,2.422075271606445312e-01,-3.919291496276855469e-02,-9.661221504211425781e-02,-1.021420955657958984e-01,-2.229552268981933594e-01,7.801284790039062500e-01,-4.147424697875976562e-01,-5.068264007568359375e-01
-4.355549812316894531e-02,-8.953826427459716797e-01,5.952339172363281250e-01,7.235679626464843750e-01,-8.326964378356933594e-01,2.897009849548339844e-01,4.565148353576660156e-01,8.217761516571044922e-01,1.736423969268798828e-01,-9.888670444488525391e-01,-5.439581871032714844e-01,4.867472648620605469e-01,-5.152955055236816406e-01,-2.847383022308349609e-01,8.519117832183837891e-01,-9.762599468231201172e-01,2.053942680358886719e-01,-4.391551017761230469e-02,-4.057455062866210938e-01,-4.326009750366210938e-01,-8.846218585968017578e-01,8.397254943847656250e-01,-1.032485961914062500e-01,-3.178262710571289062e-02,7.357199192047119141e-01
6.110470294952392578e-01,-8.246862888336181641e-01,7.642948627471923828e-01,2.484548091888427734e-01,6.054568290710449219e-01,1.252062320709228516e-01,6.230409145355224609e-01,-3.818924427032470703e-01,3.074016571044921875e-01,-2.622268199920654297e-01,-7.233107089996337891e-01,-9.020242691040039062e-01,-8.279891014099121094e-01,9.333720207214355469e-01,-3.403387069702148438e-01,6.961343288421630859e-01,2.234935760498046875e-03,-3.273575305938720703e-01,9.541356563568115234e-01,9.428238868713378906e-01,-4.115934371948242188e-01,-3.844554424285888672e-01,1.335809230804443359e-01,1.889114379882812500e-01,5.666861534118652344e-01
2.936854362487792969e-01,-7.354092597961425781e-02,-5.850470066070556641e-01,-4.814925193786621094e-01,2.222266197204589844e-01,4.492709636688232422e-01,6.839587688446044922e-01,-4.422440528869628906e-01,-6.287496089935302734e-01,-8.087301254272460938e-02,5.789358615875244141e-01,-2.386379241943359375e-02,-2.319064140319824219e-01,6.749188899993896484e-01,6.344914436340332031e-01,-1.428296566009521484e-01,-1.743235588073730469e-01,9.544651508331298828e-01,2.310802936553955078e-01,6.995341777801513672e-01,9.760949611663818359e-01,3.536288738250732422e-01,-6.113915443420410156e-01,8.205223083496093750e-01,-9.282207489013671875e-02
8.513672351837158203e-01,7.860906124114990234e-01,1.824080944061279297e-01,8.042812347412109375e-03,1.381721496582031250e-01,-8.639545440673828125e-01,2.567672729492187500e-02,3.587350845336914062e-01,-5.309844017028808594e-01,-1.616168022155761719e-02,-1.164629459381103516e-01,6.316406726837158203e-01,1.765484809875488281e-01,-5.206639766693115234e-01,-1.402497291564941406e-02,-4.476122856140136719e-01,-3.924770355224609375e-01,3.720004558563232422e-01,8.939590454101562500e-01,-6.077351570129394531e-01,-7.605423927307128906e-01,8.733627796173095703e-01,8.960807323455810547e-01,-4.491059780120849609e-01,1.778991222381591797e-01
-2.226936817169189453e-01,-8.928570747375488281e-01,3.645875453948974609e-01,-9.330272674560546875e-03,4.581894874572753906e-01,1.180040836334228516e-01,-8.839859962463378906e-01,9.979317188262939453e-01,-1.548271179199218750e-01,-8.937153816223144531e-01,-4.904170036315917969e-01,-2.158017158508300781e-01,7.346341609954833984e-01,4.657068252563476562e-01,-1.084368228912353516e-01,-4.017877578735351562e-02,3.405115604400634766e-01,2.300531864166259766e-01,-5.776517391204833984e-01,1.222243309020996094e-01,5.614807605743408203e-01,-4.446005821228027344e-02,-4.038376808166503906e-01,-9.745771884918212891e-01,-2.458102703094482422e-01
-9.756021499633789062e-01,-1.490421295166015625e-01,9.133746623992919922e-01,-4.767396450042724609e-01,-9.985909461975097656e-01,9.631717205047607422e-01,2.914729118347167969e-01,3.042972087860107422e-01,9.876506328582763672e-01,8.230679035186767578e-01,2.183914184570312500e-04,6.206448078155517578e-01,-1.473352909088134766e-01,5.913317203521728516e-01,-7.039687633514404297e-01,-8.780524730682373047e-01,8.756008148193359375e-01,5.783336162567138672e-01,-1.121530532836914062e-01,4.673213958740234375e-01,1.712234020233154297e-01,3.908073902130126953e-01,-7.774093151092529297e-01,6.957511901855468750e-01,6.759893894195556641e-01
-4.036715030670166016e-01,-4.301707744598388672e-01,-9.419493675231933594e-01,-6.573271751403808594e-02,6.113934516906738281e-02,9.847104549407958984e-01,8.389210700988769531e-01,-4.625840187072753906e-01,6.666820049285888672e-01,1.047563552856445312e-02,-5.409581661224365234e-01,-1.123325824737548828e-01,4.255847930908203125e-01,-1.025643348693847656e-01,-7.913882732391357422e-01,-5.893409252166748047e-01,-6.102457046508789062e-01,2.920782566070556641e-01,8.479819297790527344e-01,-3.365395069122314453e-01,-7.027678489685058594e-01,7.461137771606445312e-01,-9.514014720916748047e-01,-4.580450057983398438e-02,6.187102794647216797e-01
-4.245178699493408203e-01,5.148022174835205078e-01,-9.859752655029296875e-02,3.171586990356445312e-02,3.709709644317626953e-01,-5.431535243988037109e-01,-7.529542446136474609e-01,-6.358001232147216797e-01,7.207813262939453125e-01,7.485988140106201172e-01,4.297225475311279297e-01,-1.303174495697021484e-01,-4.882626533508300781e-01,9.901511669158935547e-01,-3.487849235534667969e-02,7.094485759735107422e-01,6.587257385253906250e-01,1.044647693634033203e-01,2.416307926177978516e-01,-1.750216484069824219e-01,-2.469897270202636719e-02,-9.317495822906494141e-01,9.628000259399414062e-01,-9.937958717346191406e-01,-4.654593467712402344e-01
5.173127651214599609e-01,-1.115467548370361328e-01,-1.635406017303466797e-01,3.835103511810302734e-01,-7.813730239868164062e-01,7.510616779327392578e-01,2.095627784729003906e-02,-8.035664558410644531e-01,-7.151322364807128906e-01,-7.546598911285400391e-01,-6.430473327636718750e-01,8.816041946411132812e-01,-6.576495170593261719e-01,-2.799870967864990234e-01,3.409719467163085938e-01,6.911191940307617188e-01,-8.944146633148193359e-01,7.042748928070068359e-01,7.745063304901123047e-01,6.347501277923583984e-01,-1.308722496032714844e-01,-3.441090583801269531e-01,1.853065490722656250e-01,-7.856059074401855469e-02,-5.563576221466064453e-01
-4.366891384124755859e-01,-7.683105468750000000e-01,-4.788889884948730469e-01,9.223814010620117188e-01,5.974714756011962891e-01,5.317153930664062500e-01,5.413246154785156250e-01,7.299234867095947266e-01,6.664822101593017578e-01,-3.602335453033447266e-01,-2.163329124450683594e-01,-8.384280204772949219e-01,-3.093311786651611328e-01,2.304544448852539062e-01,-9.783990383148193359e-01,5.236051082611083984e-01,3.504228591918945312e-01,7.114357948303222656e-01,4.949913024902343750e-01,-2.679166793823242188e-01,1.492261886596679688e-01,-9.435040950775146484e-01,-4.671812057495117188e-03,-3.473513126373291016e-01,7.929689884185791016e-01
-1.172976493835449219e-01,3.119077682495117188e-01,-9.209873676300048828e-01,4.270071983337402344e-01,8.698155879974365234e-01,4.056150913238525391e-01,-5.731332302093505859e-01,-9.959588050842285156e-01,1.527330875396728516e-01,-7.613654136657714844e-01,3.977015018463134766e-01,4.066474437713623047e-01,2.350373268127441406e-01,-5.951714515686035156e-01,-5.839869976043701172e-01,1.976730823516845703e-01,-8.591907024383544922e-01,-6.405689716339111328e-01,-1.514976024627685547e-01,-9.821321964263916016e-01,4.244430065155029297e-01,-5.944862365722656250e-01,-3.772256374359130859e-01,1.059160232543945312e-01,-4.515984058380126953e-01
6.821227073669433594e-01,-7.035753726959228516e-01,-4.817869663238525391e-01,-9.297063350677490234e-01,8.862445354461669922e-01,-2.290890216827392578e-01,-3.470420837402343750e-02,-2.864027023315429688e-01,7.105443477630615234e-01,-6.005561351776123047e-01,-4.300370216369628906e-01,4.764072895050048828e-01,-8.137609958648681641e-01,-2.610301971435546875e-01,6.646606922149658203e-01,4.426629543304443359e-01,-5.941205024719238281e-01,-5.736494064331054688e-01,-3.106040954589843750e-01,5.804786682128906250e-01,-6.490964889526367188e-01,-7.758016586303710938e-01,-3.460328578948974609e-01,-2.898852825164794922e-01,-4.100146293640136719e-01
-9.466149806976318359e-01,6.346051692962646484e-01,-1.122045516967773438e-02,-2.471613883972167969e-01,5.777099132537841797e-01,1.914126873016357422e-01,1.741724014282226562e-01,8.561367988586425781e-01,9.702053070068359375e-01,8.396618366241455078e-01,5.618703365325927734e-01,-7.812657356262207031e-01,3.881776332855224609e-01,-7.534723281860351562e-01,2.141559123992919922e-01,9.141569137573242188e-01,9.974160194396972656e-01,3.914904594421386719e-01,3.302412033081054688e-01,-7.962768077850341797e-01,4.169833660125732422e-01,-4.518008232116699219e-01,-4.474954605102539062e-01,-1.310358047485351562e-01,-6.458997726440429688e-03
-5.287139415740966797e-01,-1.011121273040771484e-01,5.320093631744384766e-01,-7.794811725616455078e-01,-3.729543685913085938e-01,5.261898040771484375e-03,-6.995530128479003906e-01,-2.852323055267333984e-01,-9.998738765716552734e-01,-4.346446990966796875e-01,-7.076969146728515625e-01,8.627951145172119141e-01,-5.434479713439941406e-01,-7.545208930969238281e-02,8.252882957458496094e-01,2.132740020751953125e-01,8.044550418853759766e-01,7.013387680053710938e-01,-9.279282093048095703e-01,-3.276531696319580078e-01,7.201068401336669922e-01,-3.942842483520507812e-01,4.517433643341064453e-01,-2.674069404602050781e-01,4.142792224884033203e-01
3.722758293151855469e-01,9.990918636322021484e-01,-5.388734340667724609e-01,2.915291786193847656e-01,-1.665680408477783203e-01,4.373879432678222656e-01,-6.163687705993652344e-01,-4.895174503326416016e-01,7.085442543029785156e-01,9.588587284088134766e-01,5.437278747558593750e-02,1.726548671722412109e-01,9.840333461761474609e-01,-5.773410797119140625e-01,8.872895240783691406e-01,9.996778964996337891e-01,4.860703945159912109e-01,-5.757639408111572266e-01,-1.452050209045410156e-01,-7.356801033020019531e-01,-7.790217399597167969e-01,-9.205529689788818359e-01,-9.645926952362060547e-01,-9.024753570556640625e-01,9.629232883453369141e-01
2.086300849914550781e-01,5.823707580566406250e-02,-6.875679492950439453e-01,-5.207600593566894531e-01,7.704784870147705078e-01,-4.080176353454589844e-01,-9.335050582885742188e-01,9.107594490051269531e-01,-1.045238971710205078e-01,8.573224544525146484e-01,-2.078626155853271484e-01,1.225886344909667969e-01,8.110818862915039062e-01,1.104295253753662109e-01,-1.202607154846191406e-01,-5.214688777923583984e-01,1.504585742950439453e-01,8.525562286376953125e-01,-4.785048961639404297e-01,2.837288379669189453e-01,6.509494781494140625e-02,-4.361813068389892578e-01,-2.015626430511474609e-01,1.633780002593994141e-01,7.819213867187500000e-01
-9.218115806579589844e-01,-9.769768714904785156e-01,3.854887485504150391e-01,9.654285907745361328e-01,7.586138248443603516e-01,6.397664546966552734e-01,-5.794167518615722656e-01,1.788880825042724609e-01,-5.372116565704345703e-01,5.217947959899902344e-01,-7.401854991912841797e-01,5.796055793762207031e-01,-9.174764156341552734e-01,-2.864515781402587891e-01,-3.372941017150878906e-01,3.297324180603027344e-01,6.291644573211669922e-01,-7.403013706207275391e-01,-7.866654396057128906e-01,-3.346786499023437500e-01,-3.269937038421630859e-01,3.553090095520019531e-01,5.820815563201904297e-01,8.452746868133544922e-01,-4.956459999084472656e-02
1.620769500732421875e-03,-2.400238513946533203e-01,-8.403654098510742188e-01,-2.711844444274902344e-02,6.724796295166015625e-01,-9.319722652435302734e-01,-6.545352935791015625e-01,-1.743552684783935547e-01,-5.871019363403320312e-01,4.890565872192382812e-01,6.509311199188232422e-01,-7.950942516326904297e-01,-8.794760704040527344e-01,1.239123344421386719e-01,-9.586417675018310547e-01,-4.902596473693847656e-01,7.170944213867187500e-01,-8.902084827423095703e-01,-8.553962707519531250e-01,2.051815986633300781e-01,4.563539028167724609e-01,-8.145897388458251953e-01,-9.550905227661132812e-02,-1.491065025329589844e-01,2.767212390899658203e-01
-6.815292835235595703e-01,-6.306335926055908203e-01,-3.294014930725097656e-02,-1.353600025177001953e-01,-1.590018272399902344e-01,-2.611174583435058594e-01,9.772574901580810547e-01,-1.440684795379638672e-01,-6.380004882812500000e-01,1.298594474792480469e-01,7.683815956115722656e-01,1.424272060394287109e-01,-6.272220611572265625e-02,9.165008068084716797e-01,-8.231408596038818359e-01,-3.864278793334960938e-01,-6.139993667602539062e-01,-1.671123504638671875e-02,4.483706951141357422e-01,-4.456858634948730469e-01,7.221574783325195312e-01,8.999297618865966797e-01,8.451452255249023438e-01,4.550433158874511719e-02,3.778319358825683594e-01
-5.828461647033691406e-01,7.496469020843505859e-01,3.181958198547363281e-01,4.997117519378662109e-01,7.060272693634033203e-01,6.729824542999267578e-01,-3.720574378967285156e-01,6.526250839233398438e-01,9.339790344238281250e-01,-5.149731636047363281e-01,-9.004812240600585938e-01,5.419509410858154297e-01,8.773469924926757812e-02,-4.344251155853271484e-01,9.571051597595214844e-02,3.681535720825195312e-01,5.432832241058349609e-01,-2.075135707855224609e-01,-2.605001926422119141e-01,-7.711386680603027344e-02,8.128721714019775391e-01,9.011111259460449219e-01,2.458288669586181641e-01,-8.636097908020019531e-01,-9.492614269256591797e-01
-2.253880500793457031e-01,1.570854187011718750e-01,-1.079337596893310547e-01,8.908374309539794922e-01,-6.874313354492187500e-01,-6.024382114410400391e-01,8.806967735290527344e-02,-6.801624298095703125e-01,6.704890727996826172e-01,8.170363903045654297e-01,3.246691226959228516e-01,-4.952557086944580078e-01,1.181330680847167969e-01,-7.023146152496337891e-01,-6.480121612548828125e-02,-3.005552291870117188e-01,6.898224353790283203e-01,4.838609695434570312e-02,9.353544712066650391e-01,4.407644271850585938e-01,-2.954127788543701172e-01,6.363487243652343750e-02,7.612676620483398438e-01,5.237238407135009766e-01,-4.149250984191894531e-01
2.022993564605712891e-01,5.229554176330566406e-01,-2.027273178100585938e-03,-3.110296726226806641e-01,5.978622436523437500e-01,-9.395689964294433594e-01,-7.429924011230468750e-01,-5.852923393249511719e-01,-1.251602172851562500e-02,-3.158760070800781250e-02,-4.327967166900634766e-01,-1.370022296905517578e-01,-1.778068542480468750e-01,-4.170989990234375000e-02,-3.104848861694335938e-01,4.255583286285400391e-01,1.661765575408935547e-01,-2.292776107788085938e-02,-7.370057106018066406e-01,-8.144187927246093750e-02,1.623840332031250000e-01,8.299517631530761719e-02,-7.522847652435302734e-01,4.836580753326416016e-01,4.210321903228759766e-01
-4.788908958435058594e-01,-3.276159763336181641e-01,3.720164299011230469e-02,6.095871925354003906e-01,4.115064144134521484e-01,6.543958187103271484e-01,5.749037265777587891e-01,-3.918542861938476562e-01,-2.571034431457519531e-02,-3.159737586975097656e-01,-5.708382129669189453e-01,1.485943794250488281e-02,3.897147178649902344e-01,-8.812916278839111328e-01,-4.712545871734619141e-01,-7.557218074798583984e-01,-7.168021202087402344e-01,-1.119327545166015625e-02,7.496166229248046875e-02,-3.715846538543701172e-01,5.729627609252929688e-01,1.650204658508300781e-01,-4.048163890838623047e-01,-8.000824451446533203e-01,-6.338686943054199219e-01
-1.832606792449951172e-01,-7.977540493011474609e-01,5.916380882263183594e-01,-3.152279853820800781e-01,-3.618154525756835938e-01,9.415638446807861328e-01,6.150245666503906250e-01,5.228219032287597656e-01,1.136045455932617188e-01,4.685993194580078125e-01,3.965544700622558594e-01,-1.861846446990966797e-01,-6.819386482238769531e-01,-1.554083824157714844e-02,1.639585494995117188e-01,7.867631912231445312e-01,-5.734181404113769531e-02,4.371685981750488281e-01,7.895684242248535156e-02,-8.829646110534667969e-01,7.240138053894042969e-01,-4.343051910400390625e-01,3.062727451324462891e-01,2.892105579376220703e-01,7.293567657470703125e-01
8.419995307922363281e-01,5.577697753906250000e-01,-7.972099781036376953e-01,-4.681506156921386719e-01,1.308171749114990234e-01,-1.198959350585937500e-02,3.993752002716064453e-01,-8.933911323547363281e-01,1.577215194702148438e-01,2.842600345611572266e-01,4.091751575469970703e-01,2.842295169830322266e-01,7.511320114135742188e-01,4.507160186767578125e-02,-5.769491195678710938e-01,8.770470619201660156e-01,8.641922473907470703e-01,3.371548652648925781e-02,5.294876098632812500e-01,-1.537020206451416016e-01,-8.953526020050048828e-01,1.022603511810302734e-01,-2.222328186035156250e-01,6.169219017028808594e-01,-7.150037288665771484e-01
