-7.012313604354858398e-01,5.701111555099487305e-01,-3.068624436855316162e-01,-8.268661499023437500e-01,6.546291708946228027e-01,-3.268009126186370850e-01,-3.664110600948333740e-01,-6.473734974861145020e-01,-6.036197394132614136e-02,-6.099829077720642090e-01,-2.926811575889587402e-01,2.066945880651473999e-01,6.951917409896850586e-01,3.156500756740570068e-01,-2.160512059926986694e-01,-3.315168321132659912e-01,8.055262565612792969e-01,2.993725240230560303e-01,-2.816663980484008789e-01,2.677961587905883789e-01,6.749709248542785645e-01,3.644070029258728027e-01,-7.659376263618469238e-01,2.261889278888702393e-01,-4.313819706439971924e-01
1.490194164216518402e-02,-7.080530524253845215e-01,1.684327982366085052e-02,7.317208051681518555e-01,-6.285772323608398438e-01,-6.250300407409667969e-01,2.266589254140853882e-01,-4.228265881538391113e-01,5.601016283035278320e-01,-4.393914937973022461e-01,-5.722574591636657715e-01,-4.800864756107330322e-01,-2.625193893909454346e-01,3.565920889377593994e-01,-1.135723367333412170e-01,-8.714010119438171387e-01,3.964340388774871826e-01,3.018647730350494385e-01,-4.688654541969299316e-01,7.814368605613708496e-01,4.686081781983375549e-03,-6.240414977073669434e-01,1.582713872194290161e-01,-8.298195600509643555e-01,-1.569638997316360474e-01
-3.652695715427398682e-01,-1.393605768680572510e-01,4.231975972652435303e-01,4.714811444282531738e-01,6.575216650962829590e-01,2.148877680301666260e-01,-1.025528181344270706e-03,1.824044585227966309e-01,1.166905164718627930e-01,-3.891493976116180420e-01,4.887298643589019775e-01,3.792364299297332764e-01,5.927207469940185547e-01,5.031555891036987305e-01,-1.138061806559562683e-01,3.643555343151092529e-01,8.145223259925842285e-01,6.646249294281005859e-01,-2.939023077487945557e-01,-4.765821993350982666e-01,3.303708732128143311e-01,1.947452425956726074e-01,-8.951202034950256348e-01,2.880892157554626465e-01,-2.022623717784881592e-01
-2.969770133495330811e-01,-4.052531123161315918e-01,-9.870194792747497559e-01,-9.666321873664855957e-01,3.180312812328338623e-01,1.005272388458251953e+00,-5.678094029426574707e-01,5.597080588340759277e-01,7.881576418876647949e-01,-4.238122999668121338e-01,-1.961600780487060547e-01,-6.968519687652587891e-01,-8.339360952377319336e-01,-8.397432565689086914e-01,5.330876111984252930e-01,-3.684583604335784912e-01,-1.245238333940505981e-01,-7.904092222452163696e-02,1.481837779283523560e-01,-4.586935937404632568e-01,-2.780105471611022949e-01,-8.686636686325073242e-01,-5.672056078910827637e-01,5.749346017837524414e-01,-6.334351897239685059e-01
-3.046985566616058350e-01,7.329465746879577637e-01,-1.993372738361358643e-01,1.573145240545272827e-01,4.884248077869415283e-01,-3.511099815368652344e-01,-7.464943528175354004e-01,3.284975588321685791e-01,9.836216568946838379e-01,-4.385566711425781250e-01,2.612728774547576904e-01,-7.943537831306457520e-01,7.181475758552551270e-01,2.004951834678649902e-01,7.526757717132568359e-01,4.796910285949707031e-01,6.555776000022888184e-01,2.391483038663864136e-01,3.768361806869506836e-01,-9.887336194515228271e-02,-5.401112437248229980e-01,-7.858083844184875488e-01,-7.926743626594543457e-01,5.897381305694580078e-01,-3.732515573501586914e-01
7.872898876667022705e-02,7.770229578018188477e-01,2.450004518032073975e-01,-8.291316032409667969e-01,-9.010437726974487305e-01,3.318706750869750977e-01,-8.537076115608215332e-01,-6.749326363205909729e-03,-6.475387811660766602e-01,-5.627440214157104492e-01,-6.215310692787170410e-01,2.564373314380645752e-01,4.674092531204223633e-01,5.298475027084350586e-01,-5.771682262420654297e-01,-8.086959123611450195e-01,2.056107297539710999e-02,-9.349284768104553223e-01,4.747572541236877441e-01,-4.938199222087860107e-01,5.323001742362976074e-02,-3.990678191184997559e-01,3.721508383750915527e-01,5.337283015251159668e-01,-6.807209253311157227e-01
1.148249134421348572e-01,-7.565662264823913574e-02,2.101271748542785645e-01,-5.776777267456054688e-01,-4.946264326572418213e-01,-8.295371383428573608e-02,-6.762446761131286621e-01,1.234550699591636658e-01,3.125997483730316162e-01,6.851752400398254395e-01,-4.008975997567176819e-02,-5.787678360939025879e-01,7.053677439689636230e-01,-4.257562458515167236e-01,-8.046831488609313965e-01,-7.216887474060058594e-01,2.270566523075103760e-01,2.705315947532653809e-01,-2.281360477209091187e-01,-8.510751128196716309e-01,-4.344823062419891357e-01,-4.862709939479827881e-01,2.329251021146774292e-01,6.783560663461685181e-02,-2.590632736682891846e-01
-8.406789042055606842e-03,-3.234249353408813477e-01,-9.182671457529067993e-02,-8.095752000808715820e-01,2.997303903102874756e-01,-2.873705923557281494e-01,4.441370069980621338e-01,2.577914893627166748e-01,-4.859062433242797852e-01,-4.343228042125701904e-02,3.832559287548065186e-01,-5.470103025436401367e-01,2.819504737854003906e-01,-3.275328874588012695e-01,-8.993200063705444336e-01,2.115052193403244019e-01,4.871946573257446289e-02,-6.155216693878173828e-01,1.561834961175918579e-01,-7.699953317642211914e-01,-3.723458647727966309e-01,4.142857789993286133e-01,-8.315709233283996582e-01,3.160601556301116943e-01,-8.693786859512329102e-01
3.260642290115356445e-01,-4.974677860736846924e-01,-5.208238363265991211e-01,2.743368148803710938e-01,-6.014267802238464355e-01,3.861440122127532959e-01,3.789088726043701172e-01,7.531387209892272949e-01,-1.452322006225585938e-01,-2.391132414340972900e-01,6.005660295486450195e-01,5.170288085937500000e-01,5.511994957923889160e-01,-2.867504358291625977e-01,5.278546810150146484e-01,1.808008849620819092e-01,-4.897718131542205811e-01,-1.451589018106460571e-01,1.025565415620803833e-01,2.688680887222290039e-01,-5.178996920585632324e-01,-2.975060343742370605e-01,4.988512992858886719e-01,2.092633396387100220e-01,-6.951078772544860840e-01
-7.506613731384277344e-01,-7.117726206779479980e-01,-1.754781007766723633e-01,-2.091869413852691650e-01,6.317046284675598145e-01,5.957477688789367676e-01,4.783146381378173828e-01,-2.967354059219360352e-01,-1.664696186780929565e-01,-6.315011382102966309e-01,6.498187184333801270e-01,-7.155082225799560547e-01,3.184368908405303955e-01,4.245476126670837402e-01,6.503711342811584473e-01,9.184309840202331543e-02,-7.693064212799072266e-01,7.382357120513916016e-01,-5.209602117538452148e-01,-6.717233657836914062e-01,7.220516800880432129e-01,-9.395514130592346191e-01,-3.434354662895202637e-01,1.939731985330581665e-01,-1.286936104297637939e-01
4.709560871124267578e-01,1.280362010002136230e-01,-6.144801974296569824e-01,4.598041772842407227e-01,-5.018296241760253906e-01,-2.907631993293762207e-01,-7.972993254661560059e-01,-1.821531206369400024e-01,4.962330684065818787e-02,-5.461753010749816895e-01,-2.607556581497192383e-01,-3.604398965835571289e-01,5.430856347084045410e-01,2.036675810813903809e-01,4.157921969890594482e-01,-7.402560114860534668e-01,4.950866699218750000e-01,5.414308309555053711e-01,4.629741013050079346e-01,6.791476607322692871e-01,-5.275501012802124023e-01,-7.174950242042541504e-01,-3.319087326526641846e-01,-7.056596279144287109e-01,-6.054423451423645020e-01
7.648358345031738281e-01,-2.675234377384185791e-01,-4.673630893230438232e-01,-5.473718419671058655e-02,8.466707915067672729e-02,3.926049172878265381e-01,6.670290827751159668e-01,5.646769404411315918e-01,-8.288390636444091797e-01,6.102784872055053711e-01,-8.977757692337036133e-01,-7.001962661743164062e-01,8.167353868484497070e-01,-7.316458821296691895e-01,-9.167354702949523926e-01,4.050724804401397705e-01,3.942032754421234131e-01,7.214818596839904785e-01,-8.228744864463806152e-01,3.024278283119201660e-01,-8.806943893432617188e-01,-3.848746716976165771e-01,6.016476750373840332e-01,1.900681108236312866e-01,7.323011755943298340e-01
-2.344454973936080933e-01,1.494664549827575684e-01,-4.100250005722045898e-01,-8.576588630676269531e-01,-8.115345239639282227e-01,-2.782607674598693848e-01,-6.714671254158020020e-01,-6.659255623817443848e-01,7.930068671703338623e-02,2.611727118492126465e-01,-4.851145744323730469e-01,-6.297164559364318848e-01,-1.068169437348842621e-02,-2.384258210659027100e-01,1.960071921348571777e-01,-8.015321493148803711e-01,-1.237377002835273743e-01,6.856330633163452148e-01,3.752532005310058594e-01,2.366066426038742065e-01,1.482581794261932373e-01,-5.621574521064758301e-01,-2.144221961498260498e-01,4.996093809604644775e-01,-5.925281047821044922e-01
-9.501792788505554199e-01,-2.918457686901092529e-01,-2.357732206583023071e-01,-1.779616475105285645e-01,2.155821174383163452e-01,7.121315598487854004e-01,5.701351761817932129e-01,2.812132835388183594e-01,-6.690422445535659790e-02,1.252587586641311646e-01,-5.026119351387023926e-01,-4.986263811588287354e-01,8.408613204956054688e-01,-4.077450931072235107e-01,-7.004058957099914551e-01,1.133039146661758423e-01,-8.271264433860778809e-01,-5.470665097236633301e-01,1.605155020952224731e-01,-6.725882887840270996e-01,-9.431762099266052246e-01,8.436839580535888672e-01,3.599213659763336182e-01,-9.434266090393066406e-01,3.488648533821105957e-01
-6.223508119583129883e-01,6.977587342262268066e-01,4.740221202373504639e-01,-9.011117815971374512e-01,4.621359705924987793e-01,-5.567501187324523926e-01,-2.722506225109100342e-01,9.769053757190704346e-02,-1.277267746627330780e-02,-8.533827066421508789e-01,-7.480052709579467773e-01,-5.569573864340782166e-02,-4.775001704692840576e-01,-3.175837993621826172e-01,6.830525994300842285e-01,1.656202375888824463e-01,1.482347548007965088e-01,1.443761140108108521e-01,-2.825117111206054688e-02,6.754760742187500000e-01,-6.330710649490356445e-01,-6.677653789520263672e-01,2.959519028663635254e-01,-3.629624843597412109e-01,-5.567802786827087402e-01
2.596038579940795898e-01,5.759422183036804199e-01,6.497440934181213379e-01,7.529244422912597656e-01,-2.582967877388000488e-01,7.593223452568054199e-02,-3.774124085903167725e-01,6.405875682830810547e-01,4.530180394649505615e-01,6.632551550865173340e-01,-2.301778942346572876e-01,4.036154150962829590e-01,3.586471080780029297e-01,-5.301729217171669006e-02,-7.336327433586120605e-01,-1.636133491992950439e-01,5.270637869834899902e-01,5.781273916363716125e-02,3.813698589801788330e-01,-5.378459095954895020e-01,-7.866149544715881348e-01,3.268824517726898193e-01,9.597754105925559998e-03,-3.356268703937530518e-01,1.699733436107635498e-01
-3.017831444740295410e-01,-7.191299647092819214e-02,8.067852854728698730e-01,5.839408636093139648e-01,-1.644606590270996094e-01,6.610911488533020020e-01,4.561098515987396240e-01,4.676624834537506104e-01,6.503527760505676270e-01,3.139597177505493164e-02,-2.485434263944625854e-01,-4.379597008228302002e-01,-6.883341073989868164e-01,-7.221071124076843262e-01,3.332441449165344238e-01,6.017416715621948242e-01,2.432280406355857849e-02,-5.162612795829772949e-01,-4.934703707695007324e-01,-4.144596755504608154e-01,2.448472976684570312e-01,-4.055881798267364502e-01,3.828527629375457764e-01,1.412347555160522461e-01,-2.805086374282836914e-01
-6.604188680648803711e-01,1.619729213416576385e-02,-6.253167390823364258e-01,-2.937210500240325928e-01,7.292240262031555176e-01,4.969852268695831299e-01,-5.451689362525939941e-01,-2.602863498032093048e-02,-1.199218351393938065e-02,5.675796866416931152e-01,7.164105176925659180e-01,-5.587261319160461426e-01,2.879937589168548584e-01,-6.347237229347229004e-01,-3.466193974018096924e-01,4.656724929809570312e-01,4.947559535503387451e-01,-1.409187018871307373e-01,2.432476133108139038e-01,7.832178473472595215e-01,-9.026625752449035645e-01,7.076722979545593262e-01,2.783975303173065186e-01,-9.496690630912780762e-01,-6.978387832641601562e-01
-6.774784624576568604e-02,-8.892579674720764160e-01,7.002945542335510254e-01,8.137829303741455078e-01,2.361145317554473877e-01,-9.518537521362304688e-01,1.149752736091613770e-01,-9.215587973594665527e-01,8.587708473205566406e-01,7.262153178453445435e-02,-6.936749815940856934e-01,-2.205040156841278076e-01,1.970560103654861450e-01,5.015040040016174316e-01,-4.334293901920318604e-01,5.053211450576782227e-01,-3.826091289520263672e-01,6.248520612716674805e-01,6.397140026092529297e-01,-3.611353337764739990e-01,-7.443827390670776367e-01,3.960832655429840088e-01,8.152641654014587402e-01,-1.926738023757934570e-01,4.563612341880798340e-01
-5.626011490821838379e-01,-4.475989639759063721e-01,-7.248119711875915527e-01,6.344129145145416260e-02,-1.866643726825714111e-01,1.738904863595962524e-01,-2.116932123899459839e-01,-2.124287337064743042e-01,7.027136087417602539e-01,-5.733987689018249512e-01,-1.277223825454711914e-01,-2.525321394205093384e-02,7.269944548606872559e-01,4.038500189781188965e-01,2.646793723106384277e-01,4.338578879833221436e-01,2.582260966300964355e-01,-2.224903255701065063e-01,-9.208744764328002930e-01,-7.654140889644622803e-02,-5.712783932685852051e-01,-5.274675488471984863e-01,3.036614656448364258e-01,3.596327900886535645e-01,1.727472692728042603e-01
3.082227408885955811e-01,1.949591934680938721e-01,-7.737247347831726074e-01,-1.441738158464431763e-01,4.012868106365203857e-01,-5.111981034278869629e-01,-6.555411219596862793e-01,-5.346190929412841797e-01,-9.341696500778198242e-01,4.963773190975189209e-01,2.031823843717575073e-01,2.856194674968719482e-01,-2.959266770631074905e-03,7.984690666198730469e-01,-3.621937036514282227e-01,2.707396447658538818e-01,-6.301572322845458984e-01,-6.665877103805541992e-01,-3.257794976234436035e-01,-1.758292317390441895e-01,-3.450900912284851074e-01,1.916337460279464722e-01,-8.304994553327560425e-02,-8.538506627082824707e-01,-2.939196862280368805e-02
7.200834751129150391e-01,-6.976909935474395752e-02,-3.745495900511741638e-02,7.030234336853027344e-01,6.809656023979187012e-01,-7.116805315017700195e-01,2.872400581836700439e-01,-2.752452790737152100e-01,4.365041553974151611e-01,2.241986095905303955e-01,-1.306443512439727783e-01,-5.964829325675964355e-01,-8.797173500061035156e-01,-1.425337940454483032e-01,8.414272665977478027e-01,-5.883221626281738281e-01,-2.852771878242492676e-01,6.835424900054931641e-01,6.631164550781250000e-01,4.411444962024688721e-01,4.717574417591094971e-01,4.050624072551727295e-01,-7.123364806175231934e-01,7.060549855232238770e-01,-4.315827786922454834e-01
-4.222294092178344727e-01,-4.043387621641159058e-02,1.027282252907752991e-01,2.057608217000961304e-01,2.095688730478286743e-01,-6.589803099632263184e-01,-4.233902990818023682e-01,-2.757114768028259277e-01,-3.918252289295196533e-01,-3.568822145462036133e-01,-4.642283320426940918e-01,-7.367091774940490723e-01,5.468042492866516113e-01,-3.347745537757873535e-01,-5.121041089296340942e-02,-6.633307933807373047e-01,-2.003876715898513794e-01,4.701095521450042725e-01,1.541051268577575684e-01,-2.355182766914367676e-01,-3.016905188560485840e-01,7.454993128776550293e-01,-9.343030452728271484e-01,-7.066541910171508789e-02,-8.632332086563110352e-02
-9.262186884880065918e-01,1.611049324274063110e-01,-7.542462944984436035e-01,-3.166553676128387451e-01,5.450153350830078125e-01,9.042230248451232910e-01,-6.331613659858703613e-01,-7.200918793678283691e-01,6.141151785850524902e-01,4.292905926704406738e-01,4.168890714645385742e-01,4.166842997074127197e-01,4.572257697582244873e-01,7.720404118299484253e-02,-3.690693676471710205e-01,-3.246541619300842285e-01,-2.584262490272521973e-01,5.224795341491699219e-01,6.796691417694091797e-01,7.922493219375610352e-01,6.293018460273742676e-01,4.633570313453674316e-01,-2.326452545821666718e-02,7.737814784049987793e-01,-2.857312858104705811e-01
4.261524677276611328e-01,7.040839195251464844e-01,-4.800545871257781982e-01,5.242838263511657715e-01,6.007139682769775391e-01,5.575966238975524902e-01,6.363383531570434570e-01,-7.162784785032272339e-02,-6.810869574546813965e-01,3.385277688503265381e-01,3.874063491821289062e-02,3.987977504730224609e-01,5.017686486244201660e-01,-2.460844516754150391e-01,-2.636429667472839355e-01,6.242975592613220215e-01,3.201246436219662428e-04,-3.352539539337158203e-01,1.200211793184280396e-01,3.405898809432983398e-01,-4.747470617294311523e-01,-6.147968769073486328e-01,7.041938304901123047e-01,-1.261432915925979614e-01,9.754156321287155151e-02
2.800188362598419189e-01,-6.095253229141235352e-01,-4.206378757953643799e-01,-8.924126029014587402e-01,5.088279843330383301e-01,-7.759070992469787598e-01,-6.475560069084167480e-01,-6.897813677787780762e-01,1.897625923156738281e-01,-2.542252540588378906e-01,-7.557079195976257324e-01,-9.490527510643005371e-01,-4.521376192569732666e-01,-7.090151309967041016e-01,2.675336003303527832e-01,2.163247615098953247e-01,3.566685914993286133e-01,-4.569974839687347412e-01,-4.300604760646820068e-01,-1.285522580146789551e-01,6.953021883964538574e-01,5.546558499336242676e-01,1.489637047052383423e-01,3.896955028176307678e-02,1.840999871492385864e-01
2.247036844491958618e-01,-4.497054517269134521e-01,6.862196326255798340e-02,4.501734673976898193e-01,1.922260075807571411e-01,-6.834620833396911621e-01,1.118018180131912231e-01,1.617057770490646362e-01,6.243087649345397949e-01,-8.107746243476867676e-01,2.958260476589202881e-01,-1.180600002408027649e-01,4.754349961876869202e-02,6.777744293212890625e-01,4.844539463520050049e-01,7.620029151439666748e-02,6.374178528785705566e-01,-2.623467147350311279e-01,-4.554262757301330566e-02,-1.737816631793975830e-01,6.266879439353942871e-01,-7.572008967399597168e-01,-4.028946757316589355e-01,-1.926988065242767334e-01,-1.219713240861892700e-01
1.457429081201553345e-01,5.695697665214538574e-01,-7.972244024276733398e-01,-2.285328805446624756e-01,-4.679101109504699707e-01,3.217963278293609619e-01,5.311227440834045410e-01,-5.780212283134460449e-01,-2.516708970069885254e-01,1.456018686294555664e-01,4.200182259082794189e-01,-3.111266791820526123e-01,-8.063116073608398438e-01,4.046216607093811035e-01,6.370160579681396484e-01,-3.805806338787078857e-01,7.565722465515136719e-01,-5.866924524307250977e-01,5.310965776443481445e-01,6.377128362655639648e-01,5.160666108131408691e-01,9.627117216587066650e-02,-2.919963300228118896e-01,-1.569679230451583862e-01,5.928889513015747070e-01
6.528120636940002441e-01,7.401259541511535645e-01,2.462923526763916016e-01,2.259744107723236084e-01,-6.914161443710327148e-01,6.238524913787841797e-01,-5.066941976547241211e-01,1.085004061460494995e-01,-6.612419486045837402e-01,-8.468867540359497070e-01,-2.689927816390991211e-01,6.611468791961669922e-01,6.287063658237457275e-02,-5.760322213172912598e-01,5.017767101526260376e-02,4.385052993893623352e-02,1.411928236484527588e-01,3.493904694914817810e-02,6.459661722183227539e-01,-5.743094682693481445e-01,5.476730465888977051e-01,3.668554127216339111e-01,2.161093987524509430e-02,7.950382828712463379e-01,6.001304984092712402e-01
2.928826510906219482e-01,1.666313409805297852e-01,-5.882505178451538086e-01,-7.775806784629821777e-01,1.062581986188888550e-01,-4.220240116119384766e-01,-2.439537793397903442e-01,-5.800138115882873535e-01,7.755749821662902832e-01,3.749506175518035889e-01,-7.287828922271728516e-01,-1.411963552236557007e-01,4.942629933357238770e-01,1.456252634525299072e-01,3.237730264663696289e-02,5.584172904491424561e-02,1.050831675529479980e-01,-3.341524004936218262e-01,4.944468736648559570e-01,-3.016863465309143066e-01,-6.604823470115661621e-01,-8.217960000038146973e-01,4.502214193344116211e-01,-3.617742359638214111e-01,5.523887649178504944e-02
3.808926641941070557e-01,3.551711514592170715e-02,-7.908132076263427734e-01,1.370975226163864136e-01,2.264160811901092529e-01,-8.780900239944458008e-01,4.808669090270996094e-01,-7.357016801834106445e-01,-2.369717508554458618e-01,7.959618568420410156e-01,-1.080662906169891357e-01,-3.471955060958862305e-01,-4.274166822433471680e-01,-8.072143197059631348e-01,-5.705530047416687012e-01,-2.588100731372833252e-01,5.486340522766113281e-01,-1.773086488246917725e-01,-1.285194791853427887e-02,3.756365776062011719e-01,-8.351987004280090332e-01,9.217139482498168945e-01,-2.119174450635910034e-01,-7.026329040527343750e-01,-2.049861252307891846e-01
-2.685319185256958008e-01,1.572459936141967773e-01,-4.138900935649871826e-01,-9.611821174621582031e-01,3.320940136909484863e-01,-4.674263298511505127e-02,5.181932449340820312e-01,7.015330195426940918e-01,6.796958297491073608e-02,6.214863434433937073e-02,-5.006909370422363281e-02,-8.384755998849868774e-02,-7.678345441818237305e-01,-8.448731899261474609e-01,-5.078488588333129883e-01,2.220790088176727295e-01,4.475081562995910645e-01,-7.054081559181213379e-01,-9.794929623603820801e-01,8.140237927436828613e-01,-4.774657189846038818e-01,-6.059809029102325439e-02,-4.145196676254272461e-01,-3.067295849323272705e-01,-1.829036921262741089e-01
-7.154031842947006226e-02,-3.472366631031036377e-01,4.373534917831420898e-01,-1.933559775352478027e-01,7.612729668617248535e-01,5.233500003814697266e-01,2.624977827072143555e-01,-7.282418012619018555e-02,6.680234670639038086e-01,3.419476449489593506e-01,6.079642176628112793e-01,-6.193329095840454102e-01,-6.678906679153442383e-01,-3.578921854496002197e-01,-6.752108931541442871e-01,-7.678801417350769043e-01,-4.456042945384979248e-01,2.941872775554656982e-01,5.624372363090515137e-01,7.589966058731079102e-01,4.722065031528472900e-01,2.263934016227722168e-01,-8.704112172126770020e-01,-2.437712848186492920e-01,6.995694339275360107e-02
-3.734524250030517578e-01,-2.070156186819076538e-01,-7.190071046352386475e-02,-1.624642461538314819e-01,-2.550623118877410889e-01,1.229382604360580444e-01,5.909928083419799805e-01,-4.346033036708831787e-01,8.220332860946655273e-01,-1.658191382884979248e-01,6.316651701927185059e-01,8.377050161361694336e-01,9.052990376949310303e-02,-8.290866017341613770e-01,-7.944910526275634766e-01,-7.316051721572875977e-01,1.351030468940734863e-01,1.721819341182708740e-01,-2.795473635196685791e-01,2.765524685382843018e-01,6.232717037200927734e-01,-3.581830263137817383e-01,-7.160255908966064453e-01,4.841409623622894287e-01,-8.489985018968582153e-02
8.806469440460205078e-01,6.218371391296386719e-01,-6.812064647674560547e-01,-3.236129283905029297e-01,-2.240868955850601196e-01,7.512403726577758789e-01,-7.573596835136413574e-01,-1.436292827129364014e-01,5.043463706970214844e-01,6.977242827415466309e-01,5.083575248718261719e-01,2.914014756679534912e-01,1.652925461530685425e-01,3.642416000366210938e-01,-4.548034965991973877e-01,5.157654881477355957e-01,-3.868973851203918457e-01,-6.694890856742858887e-01,-9.472936987876892090e-01,-3.790870010852813721e-01,-6.842270493507385254e-02,-3.457595109939575195e-01,-6.649312973022460938e-01,-9.573102593421936035e-01,-5.291789174079895020e-01
2.401601374149322510e-01,6.674118041992187500e-01,-4.857571423053741455e-01,7.935918569564819336e-01,-6.731005311012268066e-01,8.849060162901878357e-03,1.383056640625000000e-01,-7.713619470596313477e-01,-8.458137512207031250e-01,7.570882439613342285e-01,5.915328860282897949e-01,8.843834400177001953e-01,8.935821056365966797e-01,-8.058767318725585938e-01,-2.559008300304412842e-01,-9.131685830652713776e-03,-9.076210260391235352e-01,-7.128125429153442383e-01,4.321192502975463867e-01,9.475803971290588379e-01,-5.129314064979553223e-01,6.351927518844604492e-01,-7.245212793350219727e-01,2.749931067228317261e-02,5.457390546798706055e-01
-5.536341667175292969e-01,2.230590581893920898e-01,-2.671345174312591553e-01,8.086887001991271973e-01,-4.516689181327819824e-01,3.342468142509460449e-01,7.084723562002182007e-03,3.850779533386230469e-01,-5.240647792816162109e-01,-5.716199278831481934e-01,-1.348155140876770020e-01,-8.943290114402770996e-01,-1.114728748798370361e-01,-3.077082037925720215e-01,-8.992646336555480957e-01,-3.055378608405590057e-02,-8.123928904533386230e-01,4.133006930351257324e-01,2.269532382488250732e-01,-4.017761722207069397e-02,-7.575872540473937988e-01,-6.590905785560607910e-01,1.088753789663314819e-01,-2.336139827966690063e-01,-3.277165889739990234e-01
1.985367089509963989e-01,-6.167133450508117676e-01,-6.274432539939880371e-01,2.612777054309844971e-01,-5.598746538162231445e-01,-8.750931620597839355e-01,-7.481256127357482910e-01,-2.195884436368942261e-01,5.968567728996276855e-01,7.605345249176025391e-01,3.234769701957702637e-01,1.901061832904815674e-02,-5.218725204467773438e-01,2.230245918035507202e-01,2.044214010238647461e-01,2.431138455867767334e-01,1.605586856603622437e-01,-3.507318794727325439e-01,7.710341364145278931e-02,-6.901441216468811035e-01,3.597901463508605957e-01,5.320554375648498535e-01,-6.813439726829528809e-01,-6.369694471359252930e-01,2.571088448166847229e-02
7.231968641281127930e-01,7.446480393409729004e-01,-1.142915561795234680e-01,-6.817991137504577637e-01,-3.997615277767181396e-01,-4.974583983421325684e-01,-8.112174272537231445e-01,3.100281655788421631e-01,-7.853078842163085938e-01,-9.310491085052490234e-01,7.571336627006530762e-01,-7.433602809906005859e-01,-4.657402634620666504e-01,6.022881865501403809e-01,3.137570023536682129e-01,-4.093481972813606262e-02,-4.906447827816009521e-01,1.003927066922187805e-01,2.887234091758728027e-01,-6.924326419830322266e-01,2.669214308261871338e-01,7.328677773475646973e-01,2.892340123653411865e-01,-1.998957544565200806e-01,6.873075366020202637e-01
6.734608858823776245e-02,5.278112292289733887e-01,5.758968591690063477e-01,3.198269009590148926e-01,1.053704619407653809e-01,-1.301183402538299561e-01,-3.163309395313262939e-01,-8.464482426643371582e-02,-6.715919375419616699e-01,-4.627877175807952881e-01,6.201564148068428040e-02,-1.144465804100036621e-01,1.030634045600891113e-01,5.258646607398986816e-01,6.049428582191467285e-01,-7.849337458610534668e-01,5.956403613090515137e-01,5.293363332748413086e-01,-8.229152560234069824e-01,-2.248632758855819702e-01,-2.196975797414779663e-01,6.048257350921630859e-01,-5.029094219207763672e-01,-2.531937956809997559e-01,2.066570818424224854e-01
5.021262764930725098e-01,7.158933281898498535e-01,-5.825315117835998535e-01,7.862374782562255859e-01,-7.104200720787048340e-01,-2.037975043058395386e-01,5.664106011390686035e-01,6.999373435974121094e-01,-7.216077446937561035e-01,1.663829386234283447e-01,4.135382771492004395e-01,-1.442317664623260498e-01,7.222138643264770508e-01,-1.995667070150375366e-01,7.820621132850646973e-01,-3.822699487209320068e-01,-4.989177584648132324e-01,-8.191789388656616211e-01,-8.301419764757156372e-02,2.085748165845870972e-01,-5.282152295112609863e-01,3.333089351654052734e-01,1.261103898286819458e-01,-5.426283478736877441e-01,-2.855630032718181610e-02
-3.913829922676086426e-01,-8.810732364654541016e-01,1.706581413745880127e-01,5.106778144836425781e-01,-1.530700623989105225e-01,4.457402229309082031e-01,6.869807094335556030e-02,5.925744175910949707e-01,-6.167485713958740234e-01,4.573274850845336914e-01,-6.625395417213439941e-01,7.071085572242736816e-01,5.485509634017944336e-01,-4.733460545539855957e-01,5.955666303634643555e-01,5.730534344911575317e-02,3.068697154521942139e-01,-1.241178438067436218e-01,-4.160416126251220703e-01,5.879448652267456055e-01,-3.169248625636100769e-02,-7.710858434438705444e-02,-6.022356152534484863e-01,3.909420073032379150e-01,-4.836548566818237305e-01
-8.462976813316345215e-01,-9.705107808113098145e-01,2.275748550891876221e-01,-9.578658342361450195e-01,-2.648289203643798828e-01,-5.347288250923156738e-01,-4.543128311634063721e-01,5.239416956901550293e-01,7.020723819732666016e-01,7.209062576293945312e-01,6.376296877861022949e-01,3.193867206573486328e-01,3.548579216003417969e-01,4.201665520668029785e-02,-8.424166440963745117e-01,-9.413402080535888672e-01,1.254156678915023804e-01,-3.646076917648315430e-01,-4.258226752281188965e-01,-3.431707918643951416e-01,8.336197733879089355e-01,4.187386929988861084e-01,-7.133587598800659180e-01,-3.318201899528503418e-01,-2.068563997745513916e-01
5.135945081710815430e-01,-8.179801106452941895e-01,-2.659298479557037354e-01,-6.396877169609069824e-01,6.263226866722106934e-01,-5.747184753417968750e-01,6.126326918601989746e-01,6.588100790977478027e-01,-3.872349858283996582e-01,8.469821512699127197e-02,-8.350450396537780762e-01,1.365631222724914551e-01,-5.659699440002441406e-01,5.417056679725646973e-01,2.247891724109649658e-01,-9.399185776710510254e-01,4.024466276168823242e-01,4.183333218097686768e-01,-8.297647237777709961e-01,-9.654138684272766113e-01,-3.198785334825515747e-02,-8.897095322608947754e-01,-6.386743187904357910e-01,-7.740709781646728516e-01,-8.646628260612487793e-01
-5.883418321609497070e-01,7.273406982421875000e-01,-2.031580060720443726e-01,1.538941860198974609e-01,6.578333973884582520e-01,6.181337833404541016e-01,-5.003781318664550781e-01,4.595097601413726807e-01,4.806730747222900391e-01,-5.455562472343444824e-01,6.676055788993835449e-01,6.337339878082275391e-01,4.962227344512939453e-01,-5.659300684928894043e-01,-3.233610093593597412e-01,6.810852289199829102e-01,-1.055276989936828613e-01,1.925079822540283203e-01,1.057368740439414978e-01,-3.397184312343597412e-01,-6.700068712234497070e-01,-8.690477013587951660e-01,4.714535474777221680e-01,6.818522214889526367e-01,-7.939325273036956787e-02
-6.542704105377197266e-01,-7.562257647514343262e-01,4.726845026016235352e-01,-4.431037306785583496e-01,-4.697151780128479004e-01,6.010863780975341797e-01,-4.844038560986518860e-02,5.221339464187622070e-01,1.304045170545578003e-01,-4.025325477123260498e-01,5.358620882034301758e-01,2.424353808164596558e-01,5.058592557907104492e-01,-9.395813196897506714e-02,-8.746395707130432129e-01,5.593593716621398926e-01,-6.750412583351135254e-01,-6.453618407249450684e-01,-7.380524277687072754e-01,5.545731186866760254e-01,4.927824139595031738e-01,6.533379852771759033e-02,2.745304107666015625e-01,2.689846754074096680e-01,1.861733943223953247e-01
-2.680447399616241455e-01,5.386190488934516907e-02,6.230766177177429199e-01,2.104474306106567383e-01,6.700086593627929688e-01,2.722253203392028809e-01,-4.374260902404785156e-01,7.796556949615478516e-01,-7.310578227043151855e-01,6.674202680587768555e-01,2.738172113895416260e-01,7.843718528747558594e-01,6.376425623893737793e-01,1.743898093700408936e-01,-5.653871893882751465e-01,-6.580939888954162598e-01,7.660235762596130371e-01,4.443975910544395447e-02,2.904221117496490479e-01,-4.205226600170135498e-01,6.541420817375183105e-01,-2.991870976984500885e-02,-1.350690871477127075e-01,-2.243198305368423462e-01,-9.005711078643798828e-01
-4.119072854518890381e-01,-9.006854295730590820e-01,-7.212797999382019043e-01,-1.922340840101242065e-01,5.679365247488021851e-02,7.991750836372375488e-01,9.000737667083740234e-01,2.457383424043655396e-01,6.000003218650817871e-01,-4.885105490684509277e-01,-6.281991600990295410e-01,-1.004042699933052063e-01,6.320326924324035645e-01,5.181096792221069336e-01,-5.375442504882812500e-01,8.499063849449157715e-01,-4.802254736423492432e-01,6.305820494890213013e-02,-4.410510957241058350e-01,-1.362846326082944870e-02,-8.958020806312561035e-01,-9.062811732292175293e-01,6.603571176528930664e-01,-3.113397061824798584e-01,-6.063166856765747070e-01
6.152113154530525208e-02,1.339213550090789795e-01,-8.014463186264038086e-01,-8.812256455421447754e-01,2.696674764156341553e-01,5.139667391777038574e-01,2.831922471523284912e-02,3.058645129203796387e-01,-3.772578835487365723e-01,5.546721220016479492e-01,2.630432248115539551e-01,-5.246763229370117188e-01,4.799405634403228760e-01,1.732155978679656982e-01,7.995343208312988281e-01,-7.646262645721435547e-01,5.739125609397888184e-01,-4.200518727302551270e-01,-8.596358299255371094e-01,-1.299513876438140869e-01,-6.032280921936035156e-01,-5.550265908241271973e-01,-1.747747510671615601e-01,-3.036162853240966797e-01,3.497637212276458740e-01
-2.008807957172393799e-01,4.858649075031280518e-01,-5.681461095809936523e-01,-7.866820693016052246e-01,-9.498594999313354492e-01,-2.660960555076599121e-01,-1.346725374460220337e-01,-6.135479211807250977e-01,-8.339017033576965332e-01,-5.915330052375793457e-01,-2.782865762710571289e-01,6.519020795822143555e-01,7.521921396255493164e-01,5.538602471351623535e-01,-7.695575952529907227e-01,-4.612058773636817932e-02,-4.833548963069915771e-01,5.332818031311035156e-01,-5.044724941253662109e-01,-2.024555355310440063e-01,3.015325367450714111e-01,-8.101159334182739258e-01,3.733377456665039062e-01,1.906205266714096069e-01,2.373728603124618530e-01
-1.895781606435775757e-01,3.697513937950134277e-01,-8.284904956817626953e-01,2.170872539281845093e-01,6.802324205636978149e-02,3.145374655723571777e-01,4.360321462154388428e-01,1.309632062911987305e-01,-9.207645058631896973e-01,1.499805450439453125e-01,-3.369536697864532471e-01,-7.905112504959106445e-01,1.522157192230224609e-01,-1.349372714757919312e-01,-7.440488338470458984e-01,2.141076773405075073e-01,-8.460897207260131836e-01,-5.533033609390258789e-01,-3.004395663738250732e-01,1.238327622413635254e-01,-8.325901031494140625e-01,-1.069707348942756653e-01,9.197256565093994141e-01,-6.556692123413085938e-01,-7.945200055837631226e-02
-4.398344755172729492e-01,-2.082403749227523804e-02,1.212525516748428345e-01,-8.787057995796203613e-01,-1.942110806703567505e-01,5.138385295867919922e-01,7.410793304443359375e-01,4.299644827842712402e-01,-6.781444549560546875e-01,-2.861931622028350830e-01,6.608890295028686523e-01,-3.109489679336547852e-01,6.626077294349670410e-01,-5.591714382171630859e-01,1.200941577553749084e-01,-8.762274384498596191e-01,1.643307358026504517e-01,-5.971324443817138672e-01,-2.395628541707992554e-01,-6.931743025779724121e-01,3.805069252848625183e-02,7.681435346603393555e-02,-4.066433906555175781e-01,-3.399610221385955811e-01,-6.117610335350036621e-01
-3.750103712081909180e-01,-4.989270567893981934e-01,-2.358105927705764771e-01,1.298543810844421387e-01,-2.138704806566238403e-01,3.971400856971740723e-01,1.184122264385223389e-01,-6.707420349121093750e-01,-5.697482824325561523e-01,-6.633736491203308105e-01,-2.644148841500282288e-02,3.017499148845672607e-01,3.043716251850128174e-01,-4.003416299819946289e-01,-2.795670032501220703e-01,1.583673655986785889e-01,1.378545016050338745e-01,-3.683965504169464111e-01,4.410802721977233887e-01,-4.411084055900573730e-01,1.836533844470977783e-01,1.736744046211242676e-01,1.033474504947662354e-01,6.137285828590393066e-01,-6.145175695419311523e-01
7.577160745859146118e-02,-8.059099912643432617e-01,4.618124365806579590e-01,-5.114040970802307129e-01,-2.051368355751037598e-01,-9.398135542869567871e-02,-7.196075320243835449e-01,-4.215507805347442627e-01,3.231257498264312744e-01,-3.157404363155364990e-01,8.876398950815200806e-02,-1.287783384323120117e-01,5.743835121393203735e-02,-6.024593114852905273e-01,-3.889913558959960938e-01,2.680929601192474365e-01,1.508151143789291382e-01,2.304484099149703979e-01,3.544052317738533020e-02,6.331864595413208008e-01,1.734334230422973633e-01,-7.128297090530395508e-01,5.447635650634765625e-01,4.457759857177734375e-01,-6.258713603019714355e-01
-3.521762192249298096e-01,-9.657026529312133789e-01,7.925928384065628052e-02,4.180933237075805664e-01,-2.287569455802440643e-02,-1.619964540004730225e-01,-3.740308284759521484e-01,-1.821127831935882568e-01,2.886576950550079346e-01,3.770070672035217285e-01,-1.507061570882797241e-01,-8.209715485572814941e-01,7.049238681793212891e-01,-6.276305317878723145e-01,3.658605515956878662e-01,-6.733096837997436523e-01,-2.012313902378082275e-02,-2.434174716472625732e-01,-6.052135825157165527e-01,-8.301674127578735352e-01,-2.213081419467926025e-01,-6.559703946113586426e-01,1.472941599786281586e-02,-5.673784017562866211e-01,5.998067855834960938e-01
6.990665197372436523e-01,2.225757390260696411e-01,-8.242056965827941895e-01,2.141373455524444580e-01,-4.455809891223907471e-01,8.853406906127929688e-01,-9.023883938789367676e-01,-1.780114322900772095e-01,-2.000066637992858887e-01,8.627811670303344727e-01,1.580764353275299072e-01,-3.630520105361938477e-01,-3.829362243413925171e-02,-6.772210597991943359e-01,-5.179131627082824707e-01,2.949563860893249512e-01,-1.933921873569488525e-01,2.406489104032516479e-01,8.526315093040466309e-01,-2.913218736648559570e-01,1.868748813867568970e-01,3.486338257789611816e-01,5.159578919410705566e-01,1.673511415719985962e-01,1.299835145473480225e-01
-3.072122931480407715e-01,2.170222699642181396e-01,3.624750077724456787e-01,-3.377739191055297852e-01,-2.351844906806945801e-01,4.333915412425994873e-01,1.876382827758789062e-01,-5.023025870323181152e-01,-1.784096099436283112e-02,-6.064580082893371582e-01,-6.970779895782470703e-01,-4.131137132644653320e-01,-3.299004584550857544e-02,2.344190180301666260e-01,-6.851499676704406738e-01,1.326456218957901001e-01,-6.111958622932434082e-01,8.891513943672180176e-02,7.697761803865432739e-02,-2.204959541559219360e-01,-4.676820337772369385e-01,-9.260072559118270874e-02,6.849088668823242188e-01,3.459646105766296387e-01,-9.179121255874633789e-01
8.839593529701232910e-01,-1.973379217088222504e-02,-5.636692047119140625e-01,-4.550888240337371826e-01,-2.358392626047134399e-01,7.271772623062133789e-01,2.849426567554473877e-01,5.923578143119812012e-01,-4.767716675996780396e-02,2.363556176424026489e-01,3.880294561386108398e-01,4.323880672454833984e-01,4.805111289024353027e-01,4.372878372669219971e-01,-7.711093425750732422e-01,5.228950977325439453e-01,-5.044021606445312500e-01,3.338547945022583008e-01,8.470963239669799805e-01,4.317954778671264648e-01,-4.315535724163055420e-01,4.764377176761627197e-01,5.566172599792480469e-01,-4.018245339393615723e-01,-3.741345703601837158e-01
-6.994253396987915039e-01,-4.791752099990844727e-01,8.417129516601562500e-01,3.833575248718261719e-01,-4.562836289405822754e-01,-1.012023836374282837e-01,6.554465293884277344e-01,-6.396531462669372559e-01,-1.402860730886459351e-01,-5.119945406913757324e-01,-3.083127140998840332e-01,-2.003351412713527679e-02,2.409663796424865723e-01,-4.604926109313964844e-01,-9.385393261909484863e-01,6.606275439262390137e-01,-8.318138122558593750e-01,-2.401368021965026855e-01,-9.899519085884094238e-01,-1.009578853845596313e-01,-4.336954653263092041e-01,9.076091647148132324e-01,6.745360493659973145e-01,-7.169622182846069336e-01,6.942327022552490234e-01
3.397327661514282227e-02,7.646294832229614258e-01,5.226759314537048340e-01,8.609184622764587402e-01,2.070415765047073364e-01,6.878629922866821289e-01,3.787151873111724854e-01,-3.432686626911163330e-02,-2.855640947818756104e-01,-9.150024056434631348e-01,-7.731268405914306641e-01,-8.740960955619812012e-01,8.004772067070007324e-01,8.340482711791992188e-01,1.466237157583236694e-01,-3.178211450576782227e-01,6.198338866233825684e-01,3.954300284385681152e-01,4.456439018249511719e-01,7.292811870574951172e-01,4.337553679943084717e-01,3.579600527882575989e-02,1.978889107704162598e-01,-4.351719468832015991e-02,2.478033155202865601e-01
6.708104163408279419e-02,3.181123733520507812e-01,-2.224509716033935547e-01,6.464307904243469238e-01,-2.266286313533782959e-01,-6.521558761596679688e-01,-6.100304126739501953e-01,-2.058840692043304443e-01,1.348084062337875366e-01,-7.629173398017883301e-01,2.460711300373077393e-01,4.317228198051452637e-01,-3.096049427986145020e-01,-5.680226087570190430e-01,-7.803498506546020508e-01,-6.128231883049011230e-01,3.528927862644195557e-01,4.766324535012245178e-02,5.040047168731689453e-01,-6.851497292518615723e-01,-7.115662842988967896e-02,4.574524462223052979e-01,-1.368533521890640259e-01,8.167203515768051147e-03,-6.378480195999145508e-01
-3.254925310611724854e-01,-8.424996733665466309e-01,2.136411070823669434e-01,2.247404009103775024e-01,-5.676877498626708984e-01,3.564665913581848145e-01,3.528881669044494629e-01,-3.498011529445648193e-01,1.057134196162223816e-01,5.859312415122985840e-01,4.228944331407546997e-02,7.196689844131469727e-01,7.993646860122680664e-01,5.794453024864196777e-01,2.892315983772277832e-01,-3.445587754249572754e-01,-3.091106712818145752e-01,3.041696250438690186e-01,-7.352022528648376465e-01,-8.295822143554687500e-01,1.057649403810501099e-01,1.227952912449836731e-01,-5.140388607978820801e-01,4.763908386230468750e-01,3.205997943878173828e-01
2.150904536247253418e-01,-3.602280020713806152e-01,-2.606722414493560791e-01,7.923190593719482422e-01,-1.748463213443756104e-01,-3.960241973400115967e-01,3.920101374387741089e-02,5.303136110305786133e-01,7.255089282989501953e-01,6.132187843322753906e-01,3.678451776504516602e-01,-1.777786016464233398e-01,5.286840200424194336e-01,2.363506853580474854e-01,3.560736775398254395e-01,2.149453908205032349e-01,-1.918814331293106079e-01,3.381921350955963135e-01,6.747003793716430664e-01,3.512375056743621826e-01,-7.791696190834045410e-01,-1.298403590917587280e-01,-5.420433282852172852e-01,-8.544827103614807129e-01,-3.825288712978363037e-01
-5.355182886123657227e-01,2.823622524738311768e-01,3.745212852954864502e-01,1.838756501674652100e-01,-1.808235794305801392e-01,3.117880523204803467e-01,3.222831785678863525e-01,1.000089645385742188e-01,4.667543768882751465e-01,-5.707396268844604492e-01,-1.187815293669700623e-01,-6.749307364225387573e-02,-5.112839937210083008e-01,-6.118134856224060059e-01,4.397195577621459961e-02,2.953287363052368164e-01,6.417477130889892578e-01,-1.573425978422164917e-01,9.773407131433486938e-02,2.985149323940277100e-01,2.660302519798278809e-01,-7.121791839599609375e-01,-8.417198061943054199e-01,-4.109779894351959229e-01,2.502331435680389404e-01
4.745298326015472412e-01,-2.186721861362457275e-01,4.840484261512756348e-02,-7.912143468856811523e-01,-2.144758850336074829e-01,6.968562602996826172e-01,7.504565268754959106e-02,-7.339903712272644043e-01,-2.564166784286499023e-01,-6.962554454803466797e-01,1.762590557336807251e-01,-6.974691152572631836e-01,2.241545319557189941e-01,3.153697252273559570e-01,5.315369963645935059e-01,-6.006143689155578613e-01,4.186538755893707275e-01,3.946924805641174316e-01,1.901413798332214355e-01,-5.370811223983764648e-01,-2.394530475139617920e-01,-8.704932332038879395e-01,7.542583346366882324e-01,2.905912697315216064e-01,1.234686300158500671e-01
-1.128598004579544067e-01,-7.592368721961975098e-01,1.589533984661102295e-01,4.426765143871307373e-01,2.543924748897552490e-01,-3.881676495075225830e-02,3.912162780761718750e-01,3.207521736621856689e-01,-4.676395952701568604e-01,-8.082619905471801758e-01,2.340899035334587097e-02,1.443086415529251099e-01,2.520262598991394043e-01,-4.933065269142389297e-03,-4.744139313697814941e-01,-1.882408857345581055e-01,-1.006456092000007629e-01,-2.574288845062255859e-01,-3.610191047191619873e-01,5.977143645286560059e-01,4.985035359859466553e-01,-7.113239765167236328e-01,6.199173331260681152e-01,-4.821416921913623810e-03,-2.747282683849334717e-01
6.861960142850875854e-02,4.016777575016021729e-01,-5.721047520637512207e-01,-3.445970416069030762e-01,-6.784708499908447266e-01,6.237163543701171875e-01,-3.063925206661224365e-01,-1.324266195297241211e-01,-3.719128072261810303e-01,-4.560598731040954590e-01,3.892983496189117432e-01,2.466615103185176849e-02,2.263992279767990112e-01,2.879990637302398682e-01,2.623249590396881104e-01,4.063396453857421875e-01,4.487297236919403076e-01,-4.331806302070617676e-01,3.655157387256622314e-01,5.901601314544677734e-01,-5.892973020672798157e-02,-5.793012212961912155e-03,5.166319608688354492e-01,6.172326803207397461e-01,5.506683588027954102e-01
6.103175878524780273e-01,-8.075852394104003906e-01,-1.791074424982070923e-01,6.082155704498291016e-01,-9.859212487936019897e-02,-1.998939067125320435e-01,1.761508733034133911e-01,1.412029862403869629e-01,3.290359079837799072e-01,6.334801912307739258e-01,9.018927067518234253e-02,4.861464798450469971e-01,2.946850657463073730e-01,3.846957981586456299e-01,-2.023447304964065552e-01,2.036670446395874023e-01,4.531307518482208252e-01,-5.821467638015747070e-01,-9.296823143959045410e-01,5.562965273857116699e-01,-1.070131286978721619e-01,5.055080056190490723e-01,1.423511356115341187e-01,-3.018142282962799072e-01,-2.855783402919769287e-01
7.983402609825134277e-01,-7.873807102441787720e-02,-5.970931053161621094e-01,1.002004221081733704e-01,1.152787581086158752e-01,2.212757058441638947e-02,2.745406627655029297e-01,-8.878601789474487305e-01,-1.284667104482650757e-01,5.956001281738281250e-01,4.945288002490997314e-01,2.000459134578704834e-01,6.992513537406921387e-01,1.374466121196746826e-01,-9.353649020195007324e-01,-3.754725456237792969e-01,-4.027142375707626343e-02,2.050997316837310791e-01,-4.137983322143554688e-01,6.438899636268615723e-01,4.553687274456024170e-01,-5.213639140129089355e-01,7.684915065765380859e-01,3.671800196170806885e-01,-3.614070713520050049e-01
-2.924604415893554688e-01,-7.766317725181579590e-01,3.699707090854644775e-01,-8.980178236961364746e-01,7.197709679603576660e-01,-3.681947886943817139e-01,6.637731194496154785e-01,6.614146828651428223e-01,1.862899959087371826e-01,-2.677339315414428711e-01,1.533533930778503418e-01,-8.351157903671264648e-01,-7.063513994216918945e-01,6.729101538658142090e-01,-6.004078388214111328e-01,-8.571037054061889648e-01,3.405646979808807373e-01,-3.629630804061889648e-01,7.664548754692077637e-01,-1.643909215927124023e-01,-6.810989379882812500e-01,1.082554236054420471e-01,7.659336328506469727e-01,4.400462508201599121e-01,2.615041136741638184e-01
-6.743438541889190674e-02,-8.048540353775024414e-01,-6.259903907775878906e-01,4.523253440856933594e-01,-3.980121612548828125e-01,1.682780534029006958e-01,5.241008475422859192e-02,-3.479109108448028564e-01,-5.122858881950378418e-01,-3.436221480369567871e-01,-3.949088454246520996e-01,-6.944812536239624023e-01,1.748981773853302002e-01,6.741877198219299316e-01,5.601645112037658691e-01,-7.505527138710021973e-01,-8.447816371917724609e-01,-2.329534888267517090e-01,-9.402239918708801270e-01,-1.801483482122421265e-01,1.750768572092056274e-01,-4.493415057659149170e-01,5.052079558372497559e-01,-2.852016389369964600e-01,-6.512183547019958496e-01
3.493497371673583984e-01,5.553748607635498047e-01,5.958076715469360352e-01,6.815849542617797852e-01,2.628327012062072754e-01,7.738164626061916351e-03,1.145407408475875854e-01,5.179178118705749512e-01,-2.690790295600891113e-01,3.648511171340942383e-01,-5.709110498428344727e-01,-3.557456433773040771e-01,-4.271214604377746582e-01,6.518989205360412598e-01,1.963496766984462738e-02,2.198277041316032410e-02,-5.894998908042907715e-01,-2.427048832178115845e-01,5.004163980484008789e-01,5.343924760818481445e-01,6.259793043136596680e-01,6.664127111434936523e-01,-3.354222774505615234e-01,-1.517684757709503174e-01,4.141756594181060791e-01
5.555776357650756836e-01,4.811732470989227295e-01,-7.884039878845214844e-01,3.221104145050048828e-01,-3.939061164855957031e-01,-5.183955430984497070e-01,-6.191353201866149902e-01,-5.198200345039367676e-01,-2.076881080865859985e-01,3.800607323646545410e-01,5.014652013778686523e-01,-1.094903945922851562e-01,3.792280256748199463e-01,5.412713885307312012e-01,6.307389736175537109e-01,-2.257754057645797729e-01,-8.594794273376464844e-01,1.394602805376052856e-01,3.770749568939208984e-01,2.730758190155029297e-01,3.766426071524620056e-02,4.948457777500152588e-01,6.824128627777099609e-01,3.653085529804229736e-01,4.846297502517700195e-01
-3.394643664360046387e-01,-3.581888675689697266e-01,5.841752290725708008e-01,-2.504414618015289307e-01,1.475486606359481812e-01,7.675141692161560059e-01,2.287070900201797485e-01,5.723105669021606445e-01,2.365020513534545898e-01,-7.119798064231872559e-01,-1.240923777222633362e-01,9.703906625509262085e-02,-8.653357028961181641e-01,7.072076201438903809e-01,-7.546212077140808105e-01,-7.353814840316772461e-01,1.029032692313194275e-01,5.990712046623229980e-01,-2.334993779659271240e-01,-4.929918646812438965e-01,6.433414816856384277e-01,4.257038533687591553e-01,-8.914421498775482178e-02,4.270665943622589111e-01,-4.716305136680603027e-01
5.969669222831726074e-01,6.270213127136230469e-01,4.894862473011016846e-01,-5.981591939926147461e-01,1.471466720104217529e-01,2.237762361764907837e-01,-8.281156420707702637e-02,1.757162064313888550e-01,1.936014741659164429e-01,6.763999462127685547e-01,5.654633641242980957e-01,3.017094135284423828e-01,-8.550130724906921387e-01,3.108325898647308350e-01,-9.347441792488098145e-01,5.223957300186157227e-01,1.157881841063499451e-01,7.377318143844604492e-01,-8.396959900856018066e-01,-8.668771386146545410e-01,-7.966214418411254883e-02,3.743419349193572998e-01,-6.407643556594848633e-01,2.129037678241729736e-01,3.992164731025695801e-01
6.495938170701265335e-03,-1.439210399985313416e-02,-2.708903700113296509e-02,-1.899976879358291626e-01,5.840345025062561035e-01,-5.235533118247985840e-01,6.378534436225891113e-02,1.315643787384033203e-01,-8.096244186162948608e-02,6.004831790924072266e-01,-1.735175400972366333e-01,2.076929509639739990e-01,-4.067794978618621826e-02,-2.783038616180419922e-01,-5.265491604804992676e-01,-1.463196724653244019e-01,-5.732601881027221680e-01,2.203199416399002075e-01,-8.242943882942199707e-01,-8.745388984680175781e-01,2.896597087383270264e-01,-5.561886355280876160e-02,1.750242263078689575e-01,6.258577108383178711e-01,-4.352025985717773438e-01
-7.325158119201660156e-01,4.879328012466430664e-01,-7.236168384552001953e-01,2.840767800807952881e-01,1.435001790523529053e-01,-4.668948352336883545e-01,-1.187016814947128296e-01,-5.996147990226745605e-01,-2.665230445563793182e-02,2.653872072696685791e-01,2.852987647056579590e-01,-5.101348161697387695e-01,-4.525292217731475830e-01,4.124418199062347412e-01,-5.205776095390319824e-01,-1.390602737665176392e-01,7.339296936988830566e-01,8.557512611150741577e-02,4.303973317146301270e-01,1.419983506202697754e-01,6.641497611999511719e-01,-7.844187617301940918e-01,-4.081276953220367432e-01,4.402920901775360107e-01,-7.454127818346023560e-02
5.062638521194458008e-01,-2.343663126230239868e-01,3.211233913898468018e-01,1.899682283401489258e-01,6.552030444145202637e-01,-2.801503837108612061e-01,6.685763001441955566e-01,2.412114851176738739e-02,2.562640309333801270e-01,3.024271130561828613e-02,5.585016608238220215e-01,-2.676952779293060303e-01,-2.655823482200503349e-03,5.889278054237365723e-01,-2.692787051200866699e-01,6.332256197929382324e-01,6.473551392555236816e-01,-2.995895743370056152e-01,-3.190901502966880798e-02,3.357420861721038818e-01,-7.450957894325256348e-01,-5.351938605308532715e-01,2.207287214696407318e-02,6.088696122169494629e-01,4.067254662513732910e-01
1.050043944269418716e-02,7.986719608306884766e-01,-8.057135343551635742e-01,4.266615211963653564e-01,7.847102731466293335e-02,1.901403814554214478e-01,7.871595621109008789e-01,9.743466973304748535e-02,4.835470020771026611e-01,1.565200276672840118e-02,-7.873752713203430176e-01,4.410129487514495850e-01,-2.867019176483154297e-01,3.942280411720275879e-01,6.423812508583068848e-01,6.873308420181274414e-01,-4.411930441856384277e-01,-5.884357690811157227e-01,-1.297108530998229980e-01,3.226489126682281494e-01,1.065683215856552124e-01,-8.010563850402832031e-01,2.103296816349029541e-01,6.005530804395675659e-02,7.900481224060058594e-01
-9.712615609169006348e-01,-5.437164902687072754e-01,-1.360445320606231689e-01,6.388303041458129883e-01,-2.783643603324890137e-01,-1.102505400776863098e-01,1.113836169242858887e-01,9.572933614253997803e-02,-9.591366052627563477e-01,5.257322192192077637e-01,-9.584178924560546875e-01,1.459949612617492676e-01,-8.756697177886962891e-01,1.999417990446090698e-01,9.226628541946411133e-01,4.227128326892852783e-01,2.994943261146545410e-01,1.293824464082717896e-01,-7.860425710678100586e-01,5.756716728210449219e-01,-6.558917760848999023e-01,-9.508418440818786621e-01,5.140562653541564941e-01,-3.125150203704833984e-01,-3.245975449681282043e-02
6.330667734146118164e-01,-2.943183183670043945e-01,-3.438100516796112061e-01,3.387836217880249023e-01,-1.012950986623764038e-01,-5.543363690376281738e-01,8.150522112846374512e-01,-4.932283163070678711e-01,-1.826096624135971069e-01,1.537727713584899902e-01,2.658473551273345947e-01,-2.547185719013214111e-01,8.022385835647583008e-01,3.076194226741790771e-01,-3.983140587806701660e-01,1.725686043500900269e-01,6.116741299629211426e-01,-6.754461526870727539e-01,-5.644599199295043945e-01,-3.891936838626861572e-01,-6.989910602569580078e-01,3.852422237396240234e-01,8.145645260810852051e-01,5.157946143299341202e-04,4.101226571947336197e-03
4.984076917171478271e-01,3.861820697784423828e-01,5.538181066513061523e-01,-6.562432646751403809e-01,-4.516971409320831299e-01,5.782067179679870605e-01,2.810399830341339111e-01,-2.169860601425170898e-01,8.053826689720153809e-01,8.444216251373291016e-01,-3.062413036823272705e-01,7.329229712486267090e-01,6.476308703422546387e-01,1.660687923431396484e-01,1.325724124908447266e-01,7.542591094970703125e-01,4.721210300922393799e-01,-5.891435146331787109e-01,-7.772435545921325684e-01,-9.420545101165771484e-01,1.352948397397994995e-01,-4.359368085861206055e-01,5.395640134811401367e-01,2.927949428558349609e-01,6.810525655746459961e-01
-6.358897686004638672e-01,-5.633590221405029297e-01,-2.475270181894302368e-01,-3.429624736309051514e-01,-6.550838798284530640e-02,6.692872643470764160e-01,-4.102666378021240234e-01,1.396079659461975098e-01,3.966613709926605225e-01,2.430844455957412720e-01,-1.769968867301940918e-01,-5.122187137603759766e-01,4.058513641357421875e-01,-5.123696923255920410e-01,-9.412397742271423340e-01,-4.500926136970520020e-01,5.783674716949462891e-01,4.188697338104248047e-01,6.579698920249938965e-01,1.152761429548263550e-01,6.635033488273620605e-01,7.861472368240356445e-01,-8.882205486297607422e-01,-6.263417005538940430e-01,-8.984676003456115723e-01
2.406261563301086426e-01,2.570030093193054199e-01,-5.195893049240112305e-01,-8.428115248680114746e-01,-7.908885478973388672e-01,-6.575552821159362793e-01,1.426840722560882568e-01,4.903120696544647217e-01,5.854418966919183731e-03,2.103707939386367798e-01,-3.397735059261322021e-01,1.926495283842086792e-01,5.792992115020751953e-01,8.195585012435913086e-01,-1.647443622350692749e-01,-4.595429003238677979e-01,-4.884854257106781006e-01,8.725770115852355957e-01,7.202717661857604980e-02,7.198653221130371094e-01,6.121854782104492188e-01,7.300459146499633789e-01,3.496408462524414062e-01,-4.380663335323333740e-01,2.306008338928222656e-01
2.505775392055511475e-01,6.591268777847290039e-01,3.413176909089088440e-02,-1.852243840694427490e-01,-2.467126399278640747e-01,5.877075791358947754e-01,-1.495354920625686646e-01,3.893681466579437256e-01,-1.906778104603290558e-02,-1.383577138185501099e-01,5.032334923744201660e-01,5.043656229972839355e-01,5.592738389968872070e-01,4.465851783752441406e-01,-9.047261625528335571e-02,-7.235151529312133789e-01,2.351452037692070007e-02,-2.489624172449111938e-01,-2.691736817359924316e-01,-2.607722580432891846e-01,-3.633402884006500244e-01,-6.351066827774047852e-01,-2.227491885423660278e-01,-4.147754311561584473e-01,4.968724250793457031e-01
3.353734910488128662e-01,4.868829250335693359e-01,1.655048877000808716e-01,-4.558285772800445557e-01,2.882371246814727783e-01,7.424275875091552734e-01,2.385456115007400513e-01,5.061314627528190613e-02,7.445107698440551758e-01,7.732462137937545776e-02,3.933399319648742676e-01,5.733359456062316895e-01,-2.972689270973205566e-01,3.174084722995758057e-01,-1.488290876150131226e-01,-6.748960018157958984e-01,-2.497664839029312134e-01,3.944091200828552246e-01,1.423260718584060669e-01,-5.746826529502868652e-01,-1.174192130565643311e-01,-3.781593404710292816e-03,4.347204864025115967e-01,3.917652368545532227e-01,-1.571222692728042603e-01
-7.279347181320190430e-01,1.073481589555740356e-01,2.881943583488464355e-01,-5.349341630935668945e-01,3.631279468536376953e-01,-1.831233352422714233e-01,5.487831234931945801e-01,3.616603016853332520e-01,1.794199198484420776e-01,-6.546044945716857910e-01,7.971512153744697571e-03,-4.090854898095130920e-02,1.622726768255233765e-01,-1.992378234863281250e-01,-8.732094168663024902e-01,-4.539983868598937988e-01,5.365928411483764648e-01,-7.307415604591369629e-01,-5.232741236686706543e-01,2.915444225072860718e-02,4.012508392333984375e-01,2.604963481426239014e-01,2.426476031541824341e-01,-3.991209566593170166e-01,-8.534104824066162109e-01
-4.726792573928833008e-01,-1.019218713045120239e-01,4.077398180961608887e-01,3.333298563957214355e-01,-1.283192485570907593e-01,-1.380019783973693848e-01,5.742723345756530762e-01,-3.170116543769836426e-01,1.416735798120498657e-01,1.691802442073822021e-01,2.462444007396697998e-01,4.510847628116607666e-01,-5.361641645431518555e-01,3.189737498760223389e-01,4.605259001255035400e-01,-6.962670683860778809e-01,2.348925322294235229e-01,6.142739057540893555e-01,1.663728207349777222e-01,6.494814157485961914e-01,4.184023737907409668e-01,7.436284422874450684e-01,5.693196058273315430e-01,-2.085458338260650635e-01,-1.482211798429489136e-01
-6.287756562232971191e-01,4.906901419162750244e-01,5.061144828796386719e-01,-8.965536355972290039e-01,7.495346665382385254e-02,-2.545998692512512207e-01,-3.773356378078460693e-01,1.607945412397384644e-01,4.132204055786132812e-01,3.333981931209564209e-01,-1.616794019937515259e-01,3.629484772682189941e-01,2.291074246168136597e-01,-5.276746153831481934e-01,6.793949007987976074e-01,-1.965001672506332397e-01,8.487330079078674316e-01,-2.668949365615844727e-01,4.312578737735748291e-01,4.827774316072463989e-02,-2.747286260128021240e-01,-1.896451115608215332e-01,1.042306199669837952e-01,1.744439601898193359e-01,5.891734957695007324e-01
2.219509799033403397e-03,-6.927880048751831055e-01,6.260614395141601562e-01,4.487848281860351562e-01,-2.837145030498504639e-01,-4.205954074859619141e-01,-5.964114665985107422e-01,-3.055599927902221680e-01,-3.672918379306793213e-01,4.780866503715515137e-01,2.112440764904022217e-01,-3.033966422080993652e-01,-6.081652641296386719e-01,1.160843223333358765e-01,6.116067990660667419e-03,-8.800461292266845703e-01,3.065823316574096680e-01,1.349451988935470581e-01,-2.272765487432479858e-01,2.997367680072784424e-01,-2.065399587154388428e-01,3.758278787136077881e-01,-7.825555205345153809e-01,7.105990648269653320e-01,3.052783608436584473e-01
4.519431293010711670e-01,2.885450795292854309e-02,4.894444644451141357e-01,4.536575675010681152e-01,6.269381642341613770e-01,-1.264805048704147339e-01,-1.661659777164459229e-02,6.429656744003295898e-01,2.901958823204040527e-01,-1.832748055458068848e-01,-6.074166893959045410e-01,-6.217389926314353943e-02,-3.038955628871917725e-01,-6.033798456192016602e-01,-3.338794112205505371e-01,3.681865930557250977e-01,-5.881190299987792969e-01,-3.694337010383605957e-01,2.102830410003662109e-01,-5.326204895973205566e-01,-6.826622486114501953e-01,-9.000652432441711426e-01,-6.568967103958129883e-01,-4.254121184349060059e-01,-2.660356462001800537e-01
-2.296485304832458496e-01,6.182180643081665039e-01,5.681486725807189941e-01,3.255845010280609131e-01,-4.660061597824096680e-01,9.007699489593505859e-01,3.709778785705566406e-01,-1.131424605846405029e-01,4.452921450138092041e-01,3.366466164588928223e-01,5.744526386260986328e-01,4.328687675297260284e-03,4.511580169200897217e-01,-5.635625720024108887e-01,4.547054767608642578e-01,-4.013965725898742676e-01,-8.189383745193481445e-01,4.494359195232391357e-01,-1.659485697746276855e-01,2.736641094088554382e-02,4.743813276290893555e-01,-2.393009960651397705e-01,5.001705288887023926e-01,-6.879727840423583984e-01,-3.756867051124572754e-01
8.608472347259521484e-01,-7.229168415069580078e-01,-6.528606414794921875e-01,1.484883874654769897e-01,4.550416767597198486e-02,-3.566670417785644531e-01,-6.930625438690185547e-01,-6.015076041221618652e-01,-9.611248224973678589e-02,-6.779461503028869629e-01,-7.939640283584594727e-01,3.840961307287216187e-02,-5.759583711624145508e-01,-8.706523478031158447e-02,-8.826553821563720703e-01,-8.543163537979125977e-01,-2.811026573181152344e-01,-1.310535669326782227e-01,1.488883644342422485e-01,3.321069478988647461e-01,4.482169449329376221e-01,-9.058607816696166992e-01,7.134212255477905273e-01,-7.133789360523223877e-02,-3.007515668869018555e-01
-5.966863036155700684e-01,6.671286821365356445e-01,6.575008481740951538e-02,-2.276980876922607422e-01,-8.275181055068969727e-01,-3.138122856616973877e-01,6.185086816549301147e-02,-5.588293671607971191e-01,8.548152446746826172e-02,-4.717568457126617432e-01,-6.051112413406372070e-01,-7.671872377395629883e-01,2.776039838790893555e-01,-9.455826282501220703e-01,-8.877936005592346191e-02,4.227307438850402832e-01,-4.128435254096984863e-02,-3.302928805351257324e-01,-2.321976609528064728e-02,4.544165432453155518e-01,7.518042922019958496e-01,-3.440047055482864380e-02,-4.662952125072479248e-01,1.117321103811264038e-02,4.444582760334014893e-01
-7.534453272819519043e-01,4.469718039035797119e-01,-3.462083935737609863e-01,-8.826971650123596191e-01,-3.435052633285522461e-01,2.288065403699874878e-01,5.510021448135375977e-01,-1.771724075078964233e-01,-6.671374440193176270e-01,-8.345511555671691895e-01,2.369937598705291748e-01,-6.321144700050354004e-01,-7.587752938270568848e-01,5.499396324157714844e-01,-1.949629038572311401e-01,1.005160957574844360e-01,-3.380505144596099854e-01,1.977780461311340332e-01,-6.754701137542724609e-01,-3.337277173995971680e-01,-8.706930279731750488e-01,6.702570319175720215e-01,-4.833558499813079834e-01,4.221491813659667969e-01,-6.294540166854858398e-01
6.272188425064086914e-01,-2.719459533691406250e-01,-5.064148902893066406e-01,5.043985843658447266e-01,1.172502264380455017e-01,-6.215242743492126465e-01,-3.003425896167755127e-01,5.514105558395385742e-01,-2.301402539014816284e-01,4.083222150802612305e-01,2.482622414827346802e-01,-2.950665056705474854e-01,-3.293165862560272217e-01,1.347084939479827881e-01,-1.063461694866418839e-02,-7.823520302772521973e-01,-1.865859478712081909e-01,-7.185544967651367188e-01,-7.357627153396606445e-01,6.142944693565368652e-01,-3.915008604526519775e-01,-4.390999078750610352e-01,-5.994724631309509277e-01,-7.328223586082458496e-01,4.657476544380187988e-01
1.667789667844772339e-01,-4.039917886257171631e-01,6.184921264648437500e-01,-2.456232756376266479e-01,-6.791689395904541016e-01,7.076445221900939941e-01,3.170527517795562744e-01,4.804140031337738037e-01,-5.675007104873657227e-01,-7.464823722839355469e-01,1.008837521076202393e-01,2.423218190670013428e-01,-5.711312890052795410e-01,1.997143179178237915e-01,2.639942467212677002e-01,-1.117959618568420410e-02,3.074130713939666748e-01,2.064111381769180298e-01,6.211950778961181641e-01,1.019150912761688232e-01,-5.143826603889465332e-01,4.126740992069244385e-01,-4.763047695159912109e-01,-2.664530277252197266e-01,1.217197850346565247e-01
-1.488629132509231567e-01,-2.006635069847106934e-01,-9.166780710220336914e-01,5.968518257141113281e-01,-4.092341065406799316e-01,-3.527663052082061768e-01,-1.140259876847267151e-01,-6.210652589797973633e-01,-5.928305983543395996e-01,5.880999565124511719e-01,-5.711006522178649902e-01,1.877058744430541992e-01,-8.275169134140014648e-01,-8.456174135208129883e-01,7.448681592941284180e-01,-8.180188536643981934e-01,5.131468772888183594e-01,-1.994329318404197693e-02,-9.373084306716918945e-01,-5.158707499504089355e-01,-3.327021896839141846e-01,3.400738239288330078e-01,-7.415108382701873779e-02,-5.411138534545898438e-01,-2.672115527093410492e-02
-5.000547170639038086e-01,-9.678016901016235352e-01,5.351064801216125488e-01,8.794187307357788086e-01,5.401321053504943848e-01,-7.553026676177978516e-01,6.444047093391418457e-01,-7.249377965927124023e-01,-1.558374054729938507e-02,5.248179435729980469e-01,7.434742450714111328e-01,-5.302135348320007324e-01,7.053941488265991211e-02,-1.046333611011505127e-01,4.781028330326080322e-01,-6.769310832023620605e-01,-3.848387598991394043e-01,6.469901204109191895e-01,-4.644827842712402344e-01,7.714144587516784668e-01,-1.494572609663009644e-01,3.785022199153900146e-01,4.246400296688079834e-02,-5.855118036270141602e-01,1.438052207231521606e-01
-5.405524745583534241e-02,-2.420799434185028076e-01,3.618690371513366699e-01,-2.496941536664962769e-01,6.065006852149963379e-01,4.536722898483276367e-01,-6.478947401046752930e-01,4.098407626152038574e-01,7.673667073249816895e-01,4.828843176364898682e-01,4.498493969440460205e-01,6.537898778915405273e-01,6.609602570533752441e-01,-4.524460732936859131e-01,9.077935665845870972e-02,-2.765470743179321289e-01,2.962188720703125000e-01,5.478056073188781738e-01,-2.942127287387847900e-01,-6.307690143585205078e-01,-5.365753173828125000e-01,6.953879594802856445e-01,4.772708415985107422e-01,6.201601400971412659e-02,1.588168926537036896e-02
-7.982742786407470703e-01,2.895905375480651855e-01,-6.145608425140380859e-01,-4.673360288143157959e-01,2.444554306566715240e-02,-8.498895913362503052e-02,1.883327960968017578e-01,-5.954986214637756348e-01,1.592794060707092285e-01,-6.191408634185791016e-01,-7.222580313682556152e-01,-1.476435661315917969e-01,6.354171633720397949e-01,-8.706486225128173828e-01,-1.186053603887557983e-01,2.431830912828445435e-01,4.863370358943939209e-01,-3.817362189292907715e-01,-7.970110177993774414e-01,-8.443565964698791504e-01,-3.951272368431091309e-01,2.620281577110290527e-01,-9.377865195274353027e-01,2.691639661788940430e-01,7.325942516326904297e-01
-2.568615674972534180e-01,-4.452473819255828857e-01,4.099098443984985352e-01,6.099333167076110840e-01,4.964807331562042236e-01,-1.359105259180068970e-01,-6.403678059577941895e-01,-2.512135207653045654e-01,3.051849305629730225e-01,-9.490817785263061523e-01,-2.097638547420501709e-01,3.552373349666595459e-01,-1.469426751136779785e-01,-8.372064828872680664e-01,1.099255904555320740e-01,-4.800868630409240723e-01,5.775374770164489746e-01,-1.975039020180702209e-03,7.888799905776977539e-02,5.982855558395385742e-01,-3.607853502035140991e-02,4.943203330039978027e-01,4.504427909851074219e-01,8.634600788354873657e-02,-2.579390704631805420e-01
-2.236574441194534302e-01,5.150235071778297424e-02,-7.578982710838317871e-01,6.503084897994995117e-01,-8.670467138290405273e-01,3.170441985130310059e-01,-6.901307702064514160e-01,-1.205766852945089340e-02,3.326772749423980713e-01,3.860925436019897461e-01,3.403897583484649658e-01,-8.199303746223449707e-01,-7.493816018104553223e-01,6.419777870178222656e-01,-5.451203584671020508e-01,-2.889140248298645020e-01,1.308211237192153931e-01,2.297289967536926270e-01,7.266379594802856445e-01,-2.605098187923431396e-01,2.435662895441055298e-01,-3.761228621006011963e-01,8.077171444892883301e-01,-6.301527023315429688e-01,-2.212615758180618286e-01
6.478108763694763184e-01,-4.641535878181457520e-01,-4.785426855087280273e-01,6.276966333389282227e-01,2.756012678146362305e-01,-1.344189643859863281e-01,-1.925785988569259644e-01,5.824041962623596191e-01,8.879461288452148438e-01,-7.947224974632263184e-01,8.359283208847045898e-01,5.800382494926452637e-01,5.625001192092895508e-01,2.606352865695953369e-01,1.202394664287567139e-01,1.321231387555599213e-02,-9.345071315765380859e-01,-2.722330689430236816e-01,1.914656162261962891e-01,-7.689419984817504883e-01,-1.560664623975753784e-01,5.479839444160461426e-02,-6.986826658248901367e-01,-7.157341837882995605e-01,7.268722653388977051e-01
4.757809042930603027e-01,1.715589016675949097e-01,-3.373132348060607910e-01,-5.996201634407043457e-01,-4.287821352481842041e-01,-4.078481793403625488e-01,-7.455852627754211426e-01,-4.935193657875061035e-01,-2.524634897708892822e-01,5.723245739936828613e-01,-4.027570486068725586e-01,-3.294046223163604736e-02,-1.203754991292953491e-01,3.587026894092559814e-01,-3.396574854850769043e-01,5.217244625091552734e-01,3.835581541061401367e-01,4.568037688732147217e-01,-2.945621311664581299e-01,-6.438500285148620605e-01,5.821269154548645020e-01,-5.751410722732543945e-01,-9.204579889774322510e-02,5.509184598922729492e-01,-1.017501205205917358e-01
1.019386202096939087e-01,4.680969715118408203e-01,5.327100157737731934e-01,-7.782779932022094727e-01,4.054090678691864014e-01,-5.240134000778198242e-01,-3.732067346572875977e-01,-1.284374296665191650e-01,3.850773572921752930e-01,3.890566900372505188e-02,9.559374302625656128e-02,1.501486152410507202e-01,4.427382946014404297e-01,-3.774859011173248291e-01,6.838787794113159180e-01,6.602755784988403320e-01,-1.888756304979324341e-01,3.476222455501556396e-01,5.817564725875854492e-01,-5.484781265258789062e-01,-3.417766690254211426e-01,-4.079095721244812012e-01,-2.916198968887329102e-01,1.191216707229614258e-01,6.086472272872924805e-01
-1.762123852968215942e-01,8.611310124397277832e-01,1.385970860719680786e-01,-6.916943192481994629e-01,2.618633806705474854e-01,9.389401078224182129e-01,4.852854013442993164e-01,-2.479800134897232056e-01,-2.444948703050613403e-01,-6.983523368835449219e-01,6.189085245132446289e-01,-6.390880346298217773e-01,9.027174115180969238e-01,8.431934118270874023e-01,-3.462261557579040527e-01,8.010216951370239258e-01,1.923956871032714844e-01,-5.580555880442261696e-04,7.067083120346069336e-01,2.811211347579956055e-01,-7.796482443809509277e-01,-4.415537714958190918e-01,2.549794614315032959e-01,9.271500706672668457e-01,4.600493907928466797e-01
-3.029677569866180420e-01,-7.270658016204833984e-01,-7.644436359405517578e-01,3.114728033542633057e-01,-1.350445598363876343e-01,-5.668088793754577637e-01,-3.091313242912292480e-01,8.532632142305374146e-02,4.139222204685211182e-01,8.662168867886066437e-03,-9.782365560531616211e-01,-7.634599804878234863e-01,2.637979388236999512e-01,-9.241986088454723358e-03,-8.171449303627014160e-01,-7.460447549819946289e-01,4.392766654491424561e-01,2.082341760396957397e-01,-9.360138177871704102e-01,-1.586418747901916504e-01,3.088427782058715820e-01,8.049347996711730957e-02,-1.766797304153442383e-01,-9.546747803688049316e-01,-2.550128400325775146e-01
4.741216301918029785e-01,2.038764357566833496e-01,-6.495283246040344238e-01,8.781866431236267090e-01,-2.279076874256134033e-01,-5.788641571998596191e-01,5.259875655174255371e-01,1.162912044674158096e-02,2.258909046649932861e-01,-3.663415908813476562e-01,2.776636183261871338e-01,-2.575924396514892578e-01,7.634560465812683105e-01,6.122503280639648438e-01,2.300700545310974121e-02,8.483940362930297852e-01,5.320620536804199219e-01,5.199007987976074219e-01,-3.947250843048095703e-01,9.097683429718017578e-01,-1.990363001823425293e-01,-4.784551262855529785e-01,-4.965544641017913818e-01,-2.572735548019409180e-01,2.864706814289093018e-01
1.617971993982791901e-02,7.932276129722595215e-01,2.360651083290576935e-02,-6.318689584732055664e-01,-4.478076994419097900e-01,-7.111953496932983398e-01,6.520661711692810059e-01,1.139205996878445148e-03,-6.404032707214355469e-01,1.389813870191574097e-01,2.532462775707244873e-01,-7.578992247581481934e-01,-1.486578136682510376e-01,1.212875917553901672e-01,1.218164190649986267e-01,-1.975536495447158813e-01,1.432385742664337158e-01,-6.684748828411102295e-02,6.076290011405944824e-01,-2.640106678009033203e-01,3.546255454421043396e-02,-3.763327002525329590e-01,-4.805813133716583252e-01,-6.265674233436584473e-01,-7.452278733253479004e-01
-8.602178655564785004e-03,-1.139084473252296448e-01,-4.891232252120971680e-01,6.458310484886169434e-01,-8.396016359329223633e-01,8.559823632240295410e-01,-4.516457319259643555e-01,-4.832254052162170410e-01,7.256267666816711426e-01,8.203014135360717773e-01,-4.907563626766204834e-01,-9.470884799957275391e-01,-9.453777074813842773e-01,7.850236892700195312e-01,-1.966181546449661255e-01,1.972921043634414673e-01,-3.251752853393554688e-01,-8.539554476737976074e-01,-1.861061751842498779e-01,1.364323403686285019e-02,-4.773611947894096375e-02,6.623873114585876465e-01,-6.450785696506500244e-02,6.790007930248975754e-03,1.357724964618682861e-01
6.313768029212951660e-01,-5.167602747678756714e-02,-8.648865818977355957e-01,4.537524580955505371e-01,-2.910465300083160400e-01,-9.858585596084594727e-01,-2.100136429071426392e-01,7.378524541854858398e-01,8.604898452758789062e-01,8.468932509422302246e-01,6.018049716949462891e-01,8.883505463600158691e-01,-2.920117378234863281e-01,5.746055245399475098e-01,2.520161271095275879e-01,-5.502805709838867188e-01,2.258273512125015259e-01,6.249464675784111023e-02,6.690059304237365723e-01,-1.194940581917762756e-01,-4.194858968257904053e-01,-9.784274697303771973e-01,-9.670658707618713379e-01,-2.871459722518920898e-01,8.294399380683898926e-01
1.060251891613006592e-01,3.420179784297943115e-01,-4.376479089260101318e-01,9.764473438262939453e-01,-5.888170003890991211e-01,-3.576779738068580627e-02,8.881971240043640137e-01,2.114075422286987305e-01,6.503996253013610840e-01,4.757704734802246094e-01,2.177047580480575562e-01,8.529182523488998413e-02,5.115379691123962402e-01,-3.134519755840301514e-01,-1.222423687577247620e-01,1.088963001966476440e-01,9.266477823257446289e-01,-3.187127709388732910e-01,-9.291029572486877441e-01,2.624921500682830811e-01,-4.360592961311340332e-01,2.514821588993072510e-01,-2.705325484275817871e-01,-8.381441831588745117e-01,-9.513688087463378906e-02
